Date,Year,Month,MonthName,Day,Weekday,Quarter
2024-05-05,2024,5,May,5,Sunday,2
2024-05-06,2024,5,May,6,Monday,2
2024-05-07,2024,5,May,7,Tuesday,2
2024-05-08,2024,5,May,8,Wednesday,2
2024-05-09,2024,5,May,9,Thursday,2
2024-05-10,2024,5,May,10,Friday,2
2024-05-11,2024,5,May,11,Saturday,2
2024-05-12,2024,5,May,12,Sunday,2
2024-05-13,2024,5,May,13,Monday,2
2024-05-14,2024,5,May,14,Tuesday,2
2024-05-15,2024,5,May,15,Wednesday,2
2024-05-16,2024,5,May,16,Thursday,2
2024-05-17,2024,5,May,17,Friday,2
2024-05-18,2024,5,May,18,Saturday,2
2024-05-19,2024,5,May,19,Sunday,2
2024-05-20,2024,5,May,20,Monday,2
2024-05-21,2024,5,May,21,Tuesday,2
2024-05-22,2024,5,May,22,Wednesday,2
2024-05-23,2024,5,May,23,Thursday,2
2024-05-24,2024,5,May,24,Friday,2
2024-05-25,2024,5,May,25,Saturday,2
2024-05-26,2024,5,May,26,Sunday,2
2024-05-27,2024,5,May,27,Monday,2
2024-05-28,2024,5,May,28,Tuesday,2
2024-05-29,2024,5,May,29,Wednesday,2
2024-05-30,2024,5,May,30,Thursday,2
2024-05-31,2024,5,May,31,Friday,2
2024-06-01,2024,6,June,1,Saturday,2
2024-06-02,2024,6,June,2,Sunday,2
2024-06-03,2024,6,June,3,Monday,2
2024-06-04,2024,6,June,4,Tuesday,2
2024-06-05,2024,6,June,5,Wednesday,2
2024-06-06,2024,6,June,6,Thursday,2
2024-06-07,2024,6,June,7,Friday,2
2024-06-08,2024,6,June,8,Saturday,2
2024-06-09,2024,6,June,9,Sunday,2
2024-06-10,2024,6,June,10,Monday,2
2024-06-11,2024,6,June,11,Tuesday,2
2024-06-12,2024,6,June,12,Wednesday,2
2024-06-13,2024,6,June,13,Thursday,2
2024-06-14,2024,6,June,14,Friday,2
2024-06-15,2024,6,June,15,Saturday,2
2024-06-16,2024,6,June,16,Sunday,2
2024-06-17,2024,6,June,17,Monday,2
2024-06-18,2024,6,June,18,Tuesday,2
2024-06-19,2024,6,June,19,Wednesday,2
2024-06-20,2024,6,June,20,Thursday,2
2024-06-21,2024,6,June,21,Friday,2
2024-06-22,2024,6,June,22,Saturday,2
2024-06-23,2024,6,June,23,Sunday,2
2024-06-24,2024,6,June,24,Monday,2
2024-06-25,2024,6,June,25,Tuesday,2
2024-06-26,2024,6,June,26,Wednesday,2
2024-06-27,2024,6,June,27,Thursday,2
2024-06-28,2024,6,June,28,Friday,2
2024-06-29,2024,6,June,29,Saturday,2
2024-06-30,2024,6,June,30,Sunday,2
2024-07-01,2024,7,July,1,Monday,3
2024-07-02,2024,7,July,2,Tuesday,3
2024-07-03,2024,7,July,3,Wednesday,3
2024-07-04,2024,7,July,4,Thursday,3
2024-07-05,2024,7,July,5,Friday,3
2024-07-06,2024,7,July,6,Saturday,3
2024-07-07,2024,7,July,7,Sunday,3
2024-07-08,2024,7,July,8,Monday,3
2024-07-09,2024,7,July,9,Tuesday,3
2024-07-10,2024,7,July,10,Wednesday,3
2024-07-11,2024,7,July,11,Thursday,3
2024-07-12,2024,7,July,12,Friday,3
2024-07-13,2024,7,July,13,Saturday,3
2024-07-14,2024,7,July,14,Sunday,3
2024-07-15,2024,7,July,15,Monday,3
2024-07-16,2024,7,July,16,Tuesday,3
2024-07-17,2024,7,July,17,Wednesday,3
2024-07-18,2024,7,July,18,Thursday,3
2024-07-19,2024,7,July,19,Friday,3
2024-07-20,2024,7,July,20,Saturday,3
2024-07-21,2024,7,July,21,Sunday,3
2024-07-22,2024,7,July,22,Monday,3
2024-07-23,2024,7,July,23,Tuesday,3
2024-07-24,2024,7,July,24,Wednesday,3
2024-07-25,2024,7,July,25,Thursday,3
2024-07-26,2024,7,July,26,Friday,3
2024-07-27,2024,7,July,27,Saturday,3
2024-07-28,2024,7,July,28,Sunday,3
2024-07-29,2024,7,July,29,Monday,3
2024-07-30,2024,7,July,30,Tuesday,3
2024-07-31,2024,7,July,31,Wednesday,3
2024-08-01,2024,8,August,1,Thursday,3
2024-08-02,2024,8,August,2,Friday,3
2024-08-03,2024,8,August,3,Saturday,3
2024-08-04,2024,8,August,4,Sunday,3
2024-08-05,2024,8,August,5,Monday,3
2024-08-06,2024,8,August,6,Tuesday,3
2024-08-07,2024,8,August,7,Wednesday,3
2024-08-08,2024,8,August,8,Thursday,3
2024-08-09,2024,8,August,9,Friday,3
2024-08-10,2024,8,August,10,Saturday,3
2024-08-11,2024,8,August,11,Sunday,3
2024-08-12,2024,8,August,12,Monday,3
2024-08-13,2024,8,August,13,Tuesday,3
2024-08-14,2024,8,August,14,Wednesday,3
2024-08-15,2024,8,August,15,Thursday,3
2024-08-16,2024,8,August,16,Friday,3
2024-08-17,2024,8,August,17,Saturday,3
2024-08-18,2024,8,August,18,Sunday,3
2024-08-19,2024,8,August,19,Monday,3
2024-08-20,2024,8,August,20,Tuesday,3
2024-08-21,2024,8,August,21,Wednesday,3
2024-08-22,2024,8,August,22,Thursday,3
2024-08-23,2024,8,August,23,Friday,3
2024-08-24,2024,8,August,24,Saturday,3
2024-08-25,2024,8,August,25,Sunday,3
2024-08-26,2024,8,August,26,Monday,3
2024-08-27,2024,8,August,27,Tuesday,3
2024-08-28,2024,8,August,28,Wednesday,3
2024-08-29,2024,8,August,29,Thursday,3
2024-08-30,2024,8,August,30,Friday,3
2024-08-31,2024,8,August,31,Saturday,3
2024-09-01,2024,9,September,1,Sunday,3
2024-09-02,2024,9,September,2,Monday,3
2024-09-03,2024,9,September,3,Tuesday,3
2024-09-04,2024,9,September,4,Wednesday,3
2024-09-05,2024,9,September,5,Thursday,3
2024-09-06,2024,9,September,6,Friday,3
2024-09-07,2024,9,September,7,Saturday,3
2024-09-08,2024,9,September,8,Sunday,3
2024-09-09,2024,9,September,9,Monday,3
2024-09-10,2024,9,September,10,Tuesday,3
2024-09-11,2024,9,September,11,Wednesday,3
2024-09-12,2024,9,September,12,Thursday,3
2024-09-13,2024,9,September,13,Friday,3
2024-09-14,2024,9,September,14,Saturday,3
2024-09-15,2024,9,September,15,Sunday,3
2024-09-16,2024,9,September,16,Monday,3
2024-09-17,2024,9,September,17,Tuesday,3
2024-09-18,2024,9,September,18,Wednesday,3
2024-09-19,2024,9,September,19,Thursday,3
2024-09-20,2024,9,September,20,Friday,3
2024-09-21,2024,9,September,21,Saturday,3
2024-09-22,2024,9,September,22,Sunday,3
2024-09-23,2024,9,September,23,Monday,3
2024-09-24,2024,9,September,24,Tuesday,3
2024-09-25,2024,9,September,25,Wednesday,3
2024-09-26,2024,9,September,26,Thursday,3
2024-09-27,2024,9,September,27,Friday,3
2024-09-28,2024,9,September,28,Saturday,3
2024-09-29,2024,9,September,29,Sunday,3
2024-09-30,2024,9,September,30,Monday,3
2024-10-01,2024,10,October,1,Tuesday,4
2024-10-02,2024,10,October,2,Wednesday,4
2024-10-03,2024,10,October,3,Thursday,4
2024-10-04,2024,10,October,4,Friday,4
2024-10-05,2024,10,October,5,Saturday,4
2024-10-06,2024,10,October,6,Sunday,4
2024-10-07,2024,10,October,7,Monday,4
2024-10-08,2024,10,October,8,Tuesday,4
2024-10-09,2024,10,October,9,Wednesday,4
2024-10-10,2024,10,October,10,Thursday,4
2024-10-11,2024,10,October,11,Friday,4
2024-10-12,2024,10,October,12,Saturday,4
2024-10-13,2024,10,October,13,Sunday,4
2024-10-14,2024,10,October,14,Monday,4
2024-10-15,2024,10,October,15,Tuesday,4
2024-10-16,2024,10,October,16,Wednesday,4
2024-10-17,2024,10,October,17,Thursday,4
2024-10-18,2024,10,October,18,Friday,4
2024-10-19,2024,10,October,19,Saturday,4
2024-10-20,2024,10,October,20,Sunday,4
2024-10-21,2024,10,October,21,Monday,4
2024-10-22,2024,10,October,22,Tuesday,4
2024-10-23,2024,10,October,23,Wednesday,4
2024-10-24,2024,10,October,24,Thursday,4
2024-10-25,2024,10,October,25,Friday,4
2024-10-26,2024,10,October,26,Saturday,4
2024-10-27,2024,10,October,27,Sunday,4
2024-10-28,2024,10,October,28,Monday,4
2024-10-29,2024,10,October,29,Tuesday,4
2024-10-30,2024,10,October,30,Wednesday,4
2024-10-31,2024,10,October,31,Thursday,4
2024-11-01,2024,11,November,1,Friday,4
2024-11-02,2024,11,November,2,Saturday,4
2024-11-03,2024,11,November,3,Sunday,4
2024-11-04,2024,11,November,4,Monday,4
2024-11-05,2024,11,November,5,Tuesday,4
2024-11-06,2024,11,November,6,Wednesday,4
2024-11-07,2024,11,November,7,Thursday,4
2024-11-08,2024,11,November,8,Friday,4
2024-11-09,2024,11,November,9,Saturday,4
2024-11-10,2024,11,November,10,Sunday,4
2024-11-11,2024,11,November,11,Monday,4
2024-11-12,2024,11,November,12,Tuesday,4
2024-11-13,2024,11,November,13,Wednesday,4
2024-11-14,2024,11,November,14,Thursday,4
2024-11-15,2024,11,November,15,Friday,4
2024-11-16,2024,11,November,16,Saturday,4
2024-11-17,2024,11,November,17,Sunday,4
2024-11-18,2024,11,November,18,Monday,4
2024-11-19,2024,11,November,19,Tuesday,4
2024-11-20,2024,11,November,20,Wednesday,4
2024-11-21,2024,11,November,21,Thursday,4
2024-11-22,2024,11,November,22,Friday,4
2024-11-23,2024,11,November,23,Saturday,4
2024-11-24,2024,11,November,24,Sunday,4
2024-11-25,2024,11,November,25,Monday,4
2024-11-26,2024,11,November,26,Tuesday,4
2024-11-27,2024,11,November,27,Wednesday,4
2024-11-28,2024,11,November,28,Thursday,4
2024-11-29,2024,11,November,29,Friday,4
2024-11-30,2024,11,November,30,Saturday,4
2024-12-01,2024,12,December,1,Sunday,4
2024-12-02,2024,12,December,2,Monday,4
2024-12-03,2024,12,December,3,Tuesday,4
2024-12-04,2024,12,December,4,Wednesday,4
2024-12-05,2024,12,December,5,Thursday,4
2024-12-06,2024,12,December,6,Friday,4
2024-12-07,2024,12,December,7,Saturday,4
2024-12-08,2024,12,December,8,Sunday,4
2024-12-09,2024,12,December,9,Monday,4
2024-12-10,2024,12,December,10,Tuesday,4
2024-12-11,2024,12,December,11,Wednesday,4
2024-12-12,2024,12,December,12,Thursday,4
2024-12-13,2024,12,December,13,Friday,4
2024-12-14,2024,12,December,14,Saturday,4
2024-12-15,2024,12,December,15,Sunday,4
2024-12-16,2024,12,December,16,Monday,4
2024-12-17,2024,12,December,17,Tuesday,4
2024-12-18,2024,12,December,18,Wednesday,4
2024-12-19,2024,12,December,19,Thursday,4
2024-12-20,2024,12,December,20,Friday,4
2024-12-21,2024,12,December,21,Saturday,4
2024-12-22,2024,12,December,22,Sunday,4
2024-12-23,2024,12,December,23,Monday,4
2024-12-24,2024,12,December,24,Tuesday,4
2024-12-25,2024,12,December,25,Wednesday,4
2024-12-26,2024,12,December,26,Thursday,4
2024-12-27,2024,12,December,27,Friday,4
2024-12-28,2024,12,December,28,Saturday,4
2024-12-29,2024,12,December,29,Sunday,4
2024-12-30,2024,12,December,30,Monday,4
2024-12-31,2024,12,December,31,Tuesday,4
2025-01-01,2025,1,January,1,Wednesday,1
2025-01-02,2025,1,January,2,Thursday,1
2025-01-03,2025,1,January,3,Friday,1
2025-01-04,2025,1,January,4,Saturday,1
2025-01-05,2025,1,January,5,Sunday,1
2025-01-06,2025,1,January,6,Monday,1
2025-01-07,2025,1,January,7,Tuesday,1
2025-01-08,2025,1,January,8,Wednesday,1
2025-01-09,2025,1,January,9,Thursday,1
2025-01-10,2025,1,January,10,Friday,1
2025-01-11,2025,1,January,11,Saturday,1
2025-01-12,2025,1,January,12,Sunday,1
2025-01-13,2025,1,January,13,Monday,1
2025-01-14,2025,1,January,14,Tuesday,1
2025-01-15,2025,1,January,15,Wednesday,1
2025-01-16,2025,1,January,16,Thursday,1
2025-01-17,2025,1,January,17,Friday,1
2025-01-18,2025,1,January,18,Saturday,1
2025-01-19,2025,1,January,19,Sunday,1
2025-01-20,2025,1,January,20,Monday,1
2025-01-21,2025,1,January,21,Tuesday,1
2025-01-22,2025,1,January,22,Wednesday,1
2025-01-23,2025,1,January,23,Thursday,1
2025-01-24,2025,1,January,24,Friday,1
2025-01-25,2025,1,January,25,Saturday,1
2025-01-26,2025,1,January,26,Sunday,1
2025-01-27,2025,1,January,27,Monday,1
2025-01-28,2025,1,January,28,Tuesday,1
2025-01-29,2025,1,January,29,Wednesday,1
2025-01-30,2025,1,January,30,Thursday,1
2025-01-31,2025,1,January,31,Friday,1
2025-02-01,2025,2,February,1,Saturday,1
2025-02-02,2025,2,February,2,Sunday,1
2025-02-03,2025,2,February,3,Monday,1
2025-02-04,2025,2,February,4,Tuesday,1
2025-02-05,2025,2,February,5,Wednesday,1
2025-02-06,2025,2,February,6,Thursday,1
2025-02-07,2025,2,February,7,Friday,1
2025-02-08,2025,2,February,8,Saturday,1
2025-02-09,2025,2,February,9,Sunday,1
2025-02-10,2025,2,February,10,Monday,1
2025-02-11,2025,2,February,11,Tuesday,1
2025-02-12,2025,2,February,12,Wednesday,1
2025-02-13,2025,2,February,13,Thursday,1
2025-02-14,2025,2,February,14,Friday,1
2025-02-15,2025,2,February,15,Saturday,1
2025-02-16,2025,2,February,16,Sunday,1
2025-02-17,2025,2,February,17,Monday,1
2025-02-18,2025,2,February,18,Tuesday,1
2025-02-19,2025,2,February,19,Wednesday,1
2025-02-20,2025,2,February,20,Thursday,1
2025-02-21,2025,2,February,21,Friday,1
2025-02-22,2025,2,February,22,Saturday,1
2025-02-23,2025,2,February,23,Sunday,1
2025-02-24,2025,2,February,24,Monday,1
2025-02-25,2025,2,February,25,Tuesday,1
2025-02-26,2025,2,February,26,Wednesday,1
2025-02-27,2025,2,February,27,Thursday,1
2025-02-28,2025,2,February,28,Friday,1
2025-03-01,2025,3,March,1,Saturday,1
2025-03-02,2025,3,March,2,Sunday,1
2025-03-03,2025,3,March,3,Monday,1
2025-03-04,2025,3,March,4,Tuesday,1
2025-03-05,2025,3,March,5,Wednesday,1
2025-03-06,2025,3,March,6,Thursday,1
2025-03-07,2025,3,March,7,Friday,1
2025-03-08,2025,3,March,8,Saturday,1
2025-03-09,2025,3,March,9,Sunday,1
2025-03-10,2025,3,March,10,Monday,1
2025-03-11,2025,3,March,11,Tuesday,1
2025-03-12,2025,3,March,12,Wednesday,1
2025-03-13,2025,3,March,13,Thursday,1
2025-03-14,2025,3,March,14,Friday,1
2025-03-15,2025,3,March,15,Saturday,1
2025-03-16,2025,3,March,16,Sunday,1
2025-03-17,2025,3,March,17,Monday,1
2025-03-18,2025,3,March,18,Tuesday,1
2025-03-19,2025,3,March,19,Wednesday,1
2025-03-20,2025,3,March,20,Thursday,1
2025-03-21,2025,3,March,21,Friday,1
2025-03-22,2025,3,March,22,Saturday,1
2025-03-23,2025,3,March,23,Sunday,1
2025-03-24,2025,3,March,24,Monday,1
2025-03-25,2025,3,March,25,Tuesday,1
2025-03-26,2025,3,March,26,Wednesday,1
2025-03-27,2025,3,March,27,Thursday,1
2025-03-28,2025,3,March,28,Friday,1
2025-03-29,2025,3,March,29,Saturday,1
2025-03-30,2025,3,March,30,Sunday,1
2025-03-31,2025,3,March,31,Monday,1
2025-04-01,2025,4,April,1,Tuesday,2
2025-04-02,2025,4,April,2,Wednesday,2
2025-04-03,2025,4,April,3,Thursday,2
2025-04-04,2025,4,April,4,Friday,2
2025-04-05,2025,4,April,5,Saturday,2
2025-04-06,2025,4,April,6,Sunday,2
2025-04-07,2025,4,April,7,Monday,2
2025-04-08,2025,4,April,8,Tuesday,2
2025-04-09,2025,4,April,9,Wednesday,2
2025-04-10,2025,4,April,10,Thursday,2
2025-04-11,2025,4,April,11,Friday,2
2025-04-12,2025,4,April,12,Saturday,2
2025-04-13,2025,4,April,13,Sunday,2
2025-04-14,2025,4,April,14,Monday,2
2025-04-15,2025,4,April,15,Tuesday,2
2025-04-16,2025,4,April,16,Wednesday,2
2025-04-17,2025,4,April,17,Thursday,2
2025-04-18,2025,4,April,18,Friday,2
2025-04-19,2025,4,April,19,Saturday,2
2025-04-20,2025,4,April,20,Sunday,2
2025-04-21,2025,4,April,21,Monday,2
2025-04-22,2025,4,April,22,Tuesday,2
2025-04-23,2025,4,April,23,Wednesday,2
2025-04-24,2025,4,April,24,Thursday,2
2025-04-25,2025,4,April,25,Friday,2
2025-04-26,2025,4,April,26,Saturday,2
2025-04-27,2025,4,April,27,Sunday,2
2025-04-28,2025,4,April,28,Monday,2
2025-04-29,2025,4,April,29,Tuesday,2
2025-04-30,2025,4,April,30,Wednesday,2
2025-05-01,2025,5,May,1,Thursday,2
2025-05-02,2025,5,May,2,Friday,2
2025-05-03,2025,5,May,3,Saturday,2
2025-05-04,2025,5,May,4,Sunday,2
2025-05-05,2025,5,May,5,Monday,2
