InvoiceID,CustomerID,ProductID,Quantity,UnitPrice,TotalAmount,InvoiceDate,EmployeeID,VendorID,DepartmentID,PaymentStatus
INV100000,CUST0073,PROD002,2,1468.08,2936.16,2024-10-24,EMP006,VEND004,DEPT05,Unpaid
INV100001,CUST0017,PROD008,5,815.13,4075.65,2024-08-06,EMP036,VEND002,DEPT03,Pending
INV100002,CUST0028,PROD004,7,1492.97,10450.79,2024-08-02,EMP046,VEND003,DEPT03,Overdue
INV100003,CUST0057,PROD008,4,142.84,571.36,2024-12-23,EMP008,VEND002,DEPT06,Paid
INV100004,CUST0076,PROD004,1,152.94,152.94,2025-02-08,EMP038,VEND002,DEPT05,Paid
INV100005,CUST0030,PROD002,2,795.53,1591.06,2024-11-10,EMP003,VEND003,DEPT04,Overdue
INV100006,CUST0086,PROD008,3,1098.86,3296.58,2024-12-19,EMP014,VEND005,DEPT06,Pending
INV100007,CUST0032,PROD008,2,190.55,381.1,2024-08-12,EMP027,VEND002,DEPT05,Pending
INV100008,CUST0046,PROD007,1,1026.38,1026.38,2024-06-01,EMP027,VEND004,DEPT05,Paid
INV100009,CUST0008,PROD007,2,410.55,821.1,2024-08-16,EMP047,VEND003,DEPT03,Unpaid
INV100010,CUST0069,PROD008,3,453.89,1361.67,2024-08-11,EMP009,VEND004,DEPT06,Unpaid
INV100011,CUST0010,PROD008,1,995.61,995.61,2024-08-29,EMP036,VEND001,DEPT03,Paid
INV100012,CUST0012,PROD004,8,747.97,5983.76,2024-11-17,EMP011,VEND004,DEPT06,Pending
INV100013,CUST0008,PROD003,7,434.54,3041.78,2024-06-23,EMP025,VEND001,DEPT05,Pending
INV100014,CUST0037,PROD007,8,274.46,2195.68,2024-07-27,EMP045,VEND005,DEPT01,Overdue
INV100015,CUST0028,PROD001,1,1134.56,1134.56,2025-01-12,EMP038,VEND005,DEPT05,Paid
INV100016,CUST0007,PROD008,3,132.48,397.44,2025-01-17,EMP033,VEND005,DEPT05,Paid
INV100017,CUST0024,PROD002,4,635.47,2541.88,2024-05-27,EMP039,VEND001,DEPT05,Unpaid
INV100018,CUST0075,PROD001,7,1003.19,7022.33,2024-09-30,EMP040,VEND001,DEPT01,Overdue
INV100019,CUST0034,PROD004,4,435.14,1740.56,2024-11-18,EMP043,VEND003,DEPT04,Unpaid
INV100020,CUST0086,PROD005,2,63.51,127.02,2024-10-03,EMP030,VEND003,DEPT03,Paid
INV100021,CUST0010,PROD004,3,1403.23,4209.69,2024-07-18,EMP033,VEND003,DEPT05,Paid
INV100022,CUST0032,PROD006,8,1258.93,10071.44,2024-10-04,EMP019,VEND002,DEPT02,Overdue
INV100023,CUST0079,PROD001,5,1401.05,7005.25,2025-03-31,EMP043,VEND005,DEPT04,Paid
INV100024,CUST0018,PROD005,9,275.4,2478.6,2024-12-03,EMP008,VEND001,DEPT06,Overdue
INV100025,CUST0078,PROD004,4,1046.87,4187.48,2025-01-13,EMP046,VEND003,DEPT03,Overdue
INV100026,CUST0065,PROD008,2,969.71,1939.42,2025-03-13,EMP017,VEND001,DEPT03,Overdue
INV100027,CUST0006,PROD001,5,284.29,1421.45,2025-02-08,EMP022,VEND002,DEPT06,Pending
INV100028,CUST0071,PROD007,2,159.1,318.2,2024-09-20,EMP036,VEND001,DEPT03,Unpaid
INV100029,CUST0070,PROD001,9,264.74,2382.66,2024-05-06,EMP024,VEND005,DEPT03,Unpaid
INV100030,CUST0006,PROD005,6,354.61,2127.66,2024-09-09,EMP024,VEND001,DEPT03,Unpaid
INV100031,CUST0086,PROD002,7,1462.06,10234.42,2025-02-03,EMP023,VEND005,DEPT06,Unpaid
INV100032,CUST0031,PROD003,1,310.07,310.07,2025-03-12,EMP012,VEND004,DEPT05,Overdue
INV100033,CUST0053,PROD004,2,604.69,1209.38,2025-04-17,EMP018,VEND002,DEPT04,Paid
INV100034,CUST0061,PROD004,6,492.53,2955.18,2024-10-04,EMP013,VEND004,DEPT03,Unpaid
INV100035,CUST0029,PROD001,7,525.98,3681.86,2025-02-01,EMP043,VEND002,DEPT04,Paid
INV100036,CUST0099,PROD005,7,1035.3,7247.1,2024-11-19,EMP023,VEND005,DEPT06,Overdue
INV100037,CUST0004,PROD002,10,1445.67,14456.7,2024-12-10,EMP017,VEND002,DEPT03,Overdue
INV100038,CUST0005,PROD002,6,1106.39,6638.34,2024-07-23,EMP039,VEND004,DEPT05,Overdue
INV100039,CUST0056,PROD002,4,419.35,1677.4,2024-07-23,EMP025,VEND005,DEPT05,Pending
INV100040,CUST0001,PROD004,2,1425.87,2851.74,2024-10-10,EMP024,VEND004,DEPT03,Overdue
INV100041,CUST0080,PROD006,5,785.33,3926.65,2024-05-14,EMP043,VEND001,DEPT04,Pending
INV100042,CUST0042,PROD007,9,234.57,2111.13,2024-09-04,EMP045,VEND003,DEPT01,Pending
INV100043,CUST0086,PROD007,10,875.2,8752.0,2025-01-07,EMP044,VEND002,DEPT01,Pending
INV100044,CUST0071,PROD001,4,673.34,2693.36,2024-09-28,EMP020,VEND003,DEPT04,Overdue
INV100045,CUST0060,PROD008,9,736.12,6625.08,2024-07-03,EMP029,VEND002,DEPT06,Unpaid
INV100046,CUST0085,PROD002,10,536.02,5360.2,2024-10-22,EMP019,VEND005,DEPT02,Unpaid
INV100047,CUST0087,PROD005,3,85.42,256.26,2024-06-19,EMP015,VEND002,DEPT03,Unpaid
INV100048,CUST0061,PROD002,10,331.93,3319.3,2024-12-17,EMP030,VEND004,DEPT03,Pending
INV100049,CUST0064,PROD007,1,1344.36,1344.36,2024-05-13,EMP016,VEND002,DEPT01,Paid
INV100050,CUST0100,PROD007,9,723.6,6512.4,2024-09-25,EMP015,VEND002,DEPT03,Unpaid
INV100051,CUST0016,PROD008,9,1482.44,13341.96,2024-11-26,EMP009,VEND004,DEPT06,Overdue
INV100052,CUST0097,PROD008,7,1254.33,8780.31,2024-05-13,EMP040,VEND005,DEPT01,Pending
INV100053,CUST0021,PROD008,4,1267.8,5071.2,2024-12-25,EMP029,VEND003,DEPT06,Overdue
INV100054,CUST0099,PROD008,5,687.82,3439.1,2024-06-22,EMP041,VEND002,DEPT05,Overdue
INV100055,CUST0031,PROD005,9,166.84,1501.56,2024-10-19,EMP022,VEND003,DEPT06,Unpaid
INV100056,CUST0030,PROD007,4,143.13,572.52,2024-05-22,EMP045,VEND002,DEPT01,Pending
INV100057,CUST0043,PROD008,4,1257.69,5030.76,2024-09-19,EMP027,VEND001,DEPT05,Pending
INV100058,CUST0099,PROD001,7,741.62,5191.34,2024-07-20,EMP049,VEND005,DEPT01,Overdue
INV100059,CUST0039,PROD007,9,1209.81,10888.29,2024-08-31,EMP027,VEND005,DEPT05,Unpaid
INV100060,CUST0063,PROD004,8,92.09,736.72,2025-02-06,EMP018,VEND004,DEPT04,Overdue
INV100061,CUST0086,PROD007,8,1383.34,11066.72,2024-09-19,EMP047,VEND002,DEPT03,Paid
INV100062,CUST0051,PROD001,3,1306.93,3920.79,2025-02-03,EMP006,VEND004,DEPT05,Unpaid
INV100063,CUST0007,PROD005,4,709.31,2837.24,2025-03-04,EMP025,VEND003,DEPT05,Overdue
INV100064,CUST0098,PROD007,5,1260.62,6303.1,2024-08-04,EMP018,VEND004,DEPT04,Pending
INV100065,CUST0003,PROD001,2,1182.79,2365.58,2024-06-02,EMP023,VEND002,DEPT06,Paid
INV100066,CUST0097,PROD001,1,950.94,950.94,2024-05-11,EMP016,VEND002,DEPT01,Unpaid
INV100067,CUST0017,PROD008,10,1424.25,14242.5,2024-11-17,EMP043,VEND001,DEPT04,Pending
INV100068,CUST0090,PROD005,3,928.54,2785.62,2025-05-04,EMP050,VEND003,DEPT02,Paid
INV100069,CUST0100,PROD003,10,87.23,872.3,2024-09-09,EMP020,VEND001,DEPT04,Overdue
INV100070,CUST0074,PROD007,2,908.54,1817.08,2024-12-27,EMP026,VEND002,DEPT02,Unpaid
INV100071,CUST0014,PROD005,2,1204.53,2409.06,2025-02-13,EMP044,VEND005,DEPT01,Paid
INV100072,CUST0045,PROD007,2,783.64,1567.28,2024-12-28,EMP043,VEND003,DEPT04,Overdue
INV100073,CUST0002,PROD007,7,1443.14,10101.98,2025-02-04,EMP032,VEND001,DEPT05,Pending
INV100074,CUST0091,PROD003,9,1449.94,13049.46,2025-04-16,EMP028,VEND002,DEPT01,Overdue
INV100075,CUST0079,PROD008,10,439.17,4391.7,2024-07-15,EMP030,VEND004,DEPT03,Unpaid
INV100076,CUST0012,PROD005,8,876.28,7010.24,2024-05-11,EMP029,VEND002,DEPT06,Pending
INV100077,CUST0044,PROD001,3,756.95,2270.85,2024-06-28,EMP032,VEND003,DEPT05,Overdue
INV100078,CUST0034,PROD006,5,855.9,4279.5,2024-06-19,EMP018,VEND005,DEPT04,Unpaid
INV100079,CUST0011,PROD004,8,855.01,6840.08,2025-01-04,EMP047,VEND004,DEPT03,Unpaid
INV100080,CUST0089,PROD008,8,1199.75,9598.0,2024-11-26,EMP042,VEND004,DEPT03,Paid
INV100081,CUST0038,PROD004,5,1012.74,5063.7,2024-07-22,EMP026,VEND002,DEPT02,Overdue
INV100082,CUST0061,PROD006,6,560.13,3360.78,2025-01-15,EMP028,VEND005,DEPT01,Pending
INV100083,CUST0035,PROD005,2,1095.86,2191.72,2025-02-08,EMP017,VEND002,DEPT03,Overdue
INV100084,CUST0016,PROD003,8,450.92,3607.36,2024-07-04,EMP013,VEND002,DEPT03,Overdue
INV100085,CUST0013,PROD004,6,310.19,1861.14,2024-12-12,EMP019,VEND002,DEPT02,Paid
INV100086,CUST0091,PROD003,1,852.37,852.37,2025-02-01,EMP018,VEND001,DEPT04,Unpaid
INV100087,CUST0082,PROD008,10,462.29,4622.9,2024-06-14,EMP007,VEND001,DEPT01,Pending
INV100088,CUST0057,PROD006,5,1414.54,7072.7,2025-02-27,EMP012,VEND001,DEPT05,Pending
INV100089,CUST0015,PROD002,2,886.68,1773.36,2025-04-22,EMP026,VEND004,DEPT02,Paid
INV100090,CUST0020,PROD003,2,1491.18,2982.36,2024-06-12,EMP037,VEND003,DEPT02,Paid
INV100091,CUST0072,PROD007,10,377.25,3772.5,2024-05-13,EMP039,VEND005,DEPT05,Pending
INV100092,CUST0058,PROD008,7,492.8,3449.6,2024-08-26,EMP020,VEND005,DEPT04,Paid
INV100093,CUST0079,PROD002,4,433.74,1734.96,2025-01-06,EMP049,VEND002,DEPT01,Paid
INV100094,CUST0021,PROD004,2,276.97,553.94,2025-04-19,EMP012,VEND005,DEPT05,Pending
INV100095,CUST0058,PROD008,4,467.75,1871.0,2024-09-26,EMP019,VEND001,DEPT02,Overdue
INV100096,CUST0090,PROD008,5,1192.35,5961.75,2025-01-20,EMP005,VEND002,DEPT03,Unpaid
INV100097,CUST0055,PROD002,3,1367.2,4101.6,2024-05-31,EMP035,VEND002,DEPT02,Unpaid
INV100098,CUST0010,PROD001,10,1135.99,11359.9,2025-01-11,EMP011,VEND003,DEPT06,Overdue
INV100099,CUST0057,PROD002,7,1416.88,9918.16,2024-12-19,EMP030,VEND003,DEPT03,Pending
INV100100,CUST0057,PROD002,7,1115.07,7805.49,2024-06-10,EMP039,VEND001,DEPT05,Overdue
INV100101,CUST0004,PROD002,10,1428.64,14286.4,2025-02-10,EMP015,VEND005,DEPT03,Overdue
INV100102,CUST0074,PROD001,8,802.5,6420.0,2025-03-11,EMP049,VEND002,DEPT01,Pending
INV100103,CUST0036,PROD003,8,1455.13,11641.04,2024-12-09,EMP038,VEND004,DEPT05,Pending
INV100104,CUST0045,PROD007,2,1293.71,2587.42,2024-06-17,EMP022,VEND003,DEPT06,Overdue
INV100105,CUST0053,PROD008,9,103.21,928.89,2025-04-29,EMP019,VEND004,DEPT02,Paid
INV100106,CUST0041,PROD005,7,1304.12,9128.84,2025-02-14,EMP021,VEND001,DEPT01,Paid
INV100107,CUST0085,PROD008,4,801.74,3206.96,2024-09-08,EMP027,VEND001,DEPT05,Pending
INV100108,CUST0081,PROD008,4,437.23,1748.92,2024-10-07,EMP049,VEND001,DEPT01,Unpaid
INV100109,CUST0037,PROD008,2,91.86,183.72,2024-09-16,EMP045,VEND004,DEPT01,Unpaid
INV100110,CUST0091,PROD003,1,850.76,850.76,2024-11-05,EMP020,VEND005,DEPT04,Paid
INV100111,CUST0029,PROD002,3,772.64,2317.92,2024-09-05,EMP030,VEND001,DEPT03,Overdue
INV100112,CUST0066,PROD005,8,403.41,3227.28,2025-03-10,EMP027,VEND004,DEPT05,Unpaid
INV100113,CUST0050,PROD004,3,1302.84,3908.52,2025-02-28,EMP039,VEND005,DEPT05,Overdue
INV100114,CUST0099,PROD007,5,1239.8,6199.0,2024-06-11,EMP022,VEND005,DEPT06,Overdue
INV100115,CUST0093,PROD005,8,1304.63,10437.04,2025-04-20,EMP038,VEND005,DEPT05,Pending
INV100116,CUST0069,PROD008,9,1156.17,10405.53,2024-12-22,EMP023,VEND003,DEPT06,Pending
INV100117,CUST0059,PROD006,10,605.31,6053.1,2025-03-03,EMP013,VEND002,DEPT03,Pending
INV100118,CUST0006,PROD006,7,609.81,4268.67,2025-01-17,EMP048,VEND004,DEPT02,Unpaid
INV100119,CUST0064,PROD001,10,531.39,5313.9,2024-10-10,EMP009,VEND005,DEPT06,Paid
INV100120,CUST0057,PROD002,1,1097.54,1097.54,2025-01-27,EMP034,VEND004,DEPT02,Pending
INV100121,CUST0084,PROD003,5,540.91,2704.55,2025-04-22,EMP005,VEND004,DEPT03,Pending
INV100122,CUST0084,PROD002,7,1433.5,10034.5,2024-08-10,EMP022,VEND005,DEPT06,Pending
INV100123,CUST0070,PROD001,4,965.18,3860.72,2025-02-23,EMP040,VEND001,DEPT01,Overdue
INV100124,CUST0030,PROD002,2,693.33,1386.66,2024-11-16,EMP028,VEND001,DEPT01,Overdue
INV100125,CUST0004,PROD001,5,569.77,2848.85,2024-10-27,EMP021,VEND001,DEPT01,Pending
INV100126,CUST0019,PROD004,10,1038.61,10386.1,2024-10-10,EMP034,VEND004,DEPT02,Unpaid
INV100127,CUST0022,PROD003,7,948.58,6640.06,2025-01-26,EMP006,VEND005,DEPT05,Unpaid
INV100128,CUST0064,PROD003,5,716.38,3581.9,2024-08-10,EMP015,VEND004,DEPT03,Paid
INV100129,CUST0060,PROD005,3,157.1,471.3,2025-03-11,EMP044,VEND005,DEPT01,Overdue
INV100130,CUST0076,PROD005,5,712.41,3562.05,2025-03-04,EMP041,VEND004,DEPT05,Overdue
INV100131,CUST0026,PROD007,4,602.98,2411.92,2024-06-04,EMP031,VEND001,DEPT06,Overdue
INV100132,CUST0074,PROD005,1,1468.02,1468.02,2025-03-22,EMP045,VEND003,DEPT01,Pending
INV100133,CUST0036,PROD001,10,1130.5,11305.0,2024-08-01,EMP037,VEND001,DEPT02,Overdue
INV100134,CUST0100,PROD004,4,973.1,3892.4,2024-10-21,EMP039,VEND003,DEPT05,Overdue
INV100135,CUST0087,PROD003,1,497.95,497.95,2024-12-13,EMP041,VEND001,DEPT05,Pending
INV100136,CUST0005,PROD006,2,1368.96,2737.92,2024-09-19,EMP047,VEND002,DEPT03,Overdue
INV100137,CUST0096,PROD007,3,1190.44,3571.32,2024-05-14,EMP012,VEND002,DEPT05,Overdue
INV100138,CUST0068,PROD005,8,1452.71,11621.68,2025-03-11,EMP011,VEND003,DEPT06,Overdue
INV100139,CUST0096,PROD006,2,254.1,508.2,2024-07-09,EMP008,VEND004,DEPT06,Unpaid
INV100140,CUST0087,PROD007,2,1196.49,2392.98,2024-07-20,EMP036,VEND003,DEPT03,Paid
INV100141,CUST0034,PROD002,5,897.61,4488.05,2025-02-20,EMP030,VEND003,DEPT03,Overdue
INV100142,CUST0014,PROD004,10,1332.14,13321.4,2024-09-05,EMP031,VEND001,DEPT06,Overdue
INV100143,CUST0079,PROD004,8,1368.61,10948.88,2025-03-22,EMP042,VEND001,DEPT03,Overdue
INV100144,CUST0084,PROD007,1,1422.08,1422.08,2025-01-15,EMP008,VEND002,DEPT06,Overdue
INV100145,CUST0064,PROD002,9,246.71,2220.39,2024-08-13,EMP007,VEND002,DEPT01,Pending
INV100146,CUST0048,PROD007,7,999.64,6997.48,2024-05-07,EMP038,VEND002,DEPT05,Pending
INV100147,CUST0079,PROD007,6,365.04,2190.24,2025-04-15,EMP018,VEND001,DEPT04,Pending
INV100148,CUST0031,PROD006,9,1357.46,12217.14,2024-06-04,EMP007,VEND003,DEPT01,Overdue
INV100149,CUST0008,PROD007,2,1426.07,2852.14,2025-01-22,EMP018,VEND002,DEPT04,Pending
INV100150,CUST0012,PROD004,1,123.34,123.34,2024-10-29,EMP042,VEND005,DEPT03,Overdue
INV100151,CUST0032,PROD003,2,1253.24,2506.48,2025-02-05,EMP037,VEND002,DEPT02,Unpaid
INV100152,CUST0076,PROD004,3,1193.53,3580.59,2025-01-11,EMP015,VEND003,DEPT03,Paid
INV100153,CUST0036,PROD003,5,1207.85,6039.25,2024-12-26,EMP009,VEND005,DEPT06,Paid
INV100154,CUST0085,PROD001,6,1195.48,7172.88,2024-10-30,EMP009,VEND001,DEPT06,Unpaid
INV100155,CUST0076,PROD006,5,125.98,629.9,2025-02-18,EMP002,VEND002,DEPT05,Pending
INV100156,CUST0068,PROD002,8,700.0,5600.0,2024-06-07,EMP048,VEND001,DEPT02,Overdue
INV100157,CUST0066,PROD002,4,1420.85,5683.4,2024-07-24,EMP029,VEND005,DEPT06,Paid
INV100158,CUST0094,PROD005,1,1497.95,1497.95,2025-01-12,EMP030,VEND001,DEPT03,Pending
INV100159,CUST0055,PROD002,2,1353.94,2707.88,2024-08-24,EMP032,VEND004,DEPT05,Overdue
INV100160,CUST0078,PROD003,5,955.26,4776.3,2024-12-02,EMP005,VEND002,DEPT03,Overdue
INV100161,CUST0049,PROD005,10,673.79,6737.9,2024-10-24,EMP030,VEND005,DEPT03,Paid
INV100162,CUST0084,PROD004,4,650.03,2600.12,2024-11-14,EMP028,VEND004,DEPT01,Pending
INV100163,CUST0052,PROD007,6,668.81,4012.86,2024-10-06,EMP047,VEND001,DEPT03,Overdue
INV100164,CUST0048,PROD003,2,182.28,364.56,2025-02-01,EMP044,VEND004,DEPT01,Paid
INV100165,CUST0012,PROD007,3,856.74,2570.22,2024-09-02,EMP007,VEND003,DEPT01,Overdue
INV100166,CUST0086,PROD002,7,1308.73,9161.11,2025-01-16,EMP027,VEND003,DEPT05,Paid
INV100167,CUST0037,PROD005,10,785.75,7857.5,2024-08-11,EMP023,VEND001,DEPT06,Unpaid
INV100168,CUST0085,PROD008,6,1275.79,7654.74,2024-08-04,EMP015,VEND001,DEPT03,Overdue
INV100169,CUST0015,PROD005,7,1275.47,8928.29,2024-06-17,EMP037,VEND002,DEPT02,Paid
INV100170,CUST0078,PROD005,5,1068.91,5344.55,2024-07-13,EMP002,VEND002,DEPT05,Overdue
INV100171,CUST0044,PROD006,3,871.17,2613.51,2024-06-16,EMP001,VEND002,DEPT04,Pending
INV100172,CUST0009,PROD003,2,1131.86,2263.72,2024-11-16,EMP048,VEND001,DEPT02,Unpaid
INV100173,CUST0049,PROD007,3,586.58,1759.74,2025-02-06,EMP030,VEND003,DEPT03,Overdue
INV100174,CUST0100,PROD002,3,1143.93,3431.79,2024-07-10,EMP004,VEND002,DEPT05,Paid
INV100175,CUST0087,PROD002,7,754.21,5279.47,2024-07-22,EMP018,VEND004,DEPT04,Pending
INV100176,CUST0054,PROD005,2,550.5,1101.0,2024-10-28,EMP014,VEND005,DEPT06,Paid
INV100177,CUST0037,PROD008,1,369.75,369.75,2025-01-24,EMP034,VEND003,DEPT02,Paid
INV100178,CUST0001,PROD004,3,1158.03,3474.09,2025-04-26,EMP020,VEND002,DEPT04,Overdue
INV100179,CUST0042,PROD002,7,304.76,2133.32,2024-11-12,EMP001,VEND004,DEPT04,Pending
INV100180,CUST0069,PROD004,6,154.51,927.06,2024-08-15,EMP033,VEND005,DEPT05,Paid
INV100181,CUST0056,PROD001,6,884.85,5309.1,2024-06-09,EMP030,VEND001,DEPT03,Pending
INV100182,CUST0091,PROD007,7,80.24,561.68,2024-07-14,EMP019,VEND001,DEPT02,Overdue
INV100183,CUST0022,PROD008,2,683.23,1366.46,2024-07-26,EMP045,VEND003,DEPT01,Paid
INV100184,CUST0032,PROD007,9,164.04,1476.36,2024-07-08,EMP038,VEND004,DEPT05,Overdue
INV100185,CUST0096,PROD006,3,160.75,482.25,2024-05-09,EMP015,VEND003,DEPT03,Paid
INV100186,CUST0068,PROD004,6,1104.7,6628.2,2024-11-15,EMP050,VEND003,DEPT02,Unpaid
INV100187,CUST0031,PROD002,4,301.57,1206.28,2024-08-12,EMP010,VEND003,DEPT01,Unpaid
INV100188,CUST0098,PROD002,8,1143.95,9151.6,2025-04-25,EMP012,VEND004,DEPT05,Pending
INV100189,CUST0088,PROD006,3,687.66,2062.98,2024-11-22,EMP041,VEND003,DEPT05,Pending
INV100190,CUST0057,PROD005,1,560.32,560.32,2025-01-14,EMP018,VEND005,DEPT04,Paid
INV100191,CUST0040,PROD008,1,584.67,584.67,2024-06-19,EMP029,VEND001,DEPT06,Overdue
INV100192,CUST0010,PROD002,9,607.5,5467.5,2025-03-17,EMP040,VEND005,DEPT01,Paid
INV100193,CUST0058,PROD004,8,776.98,6215.84,2024-10-30,EMP021,VEND005,DEPT01,Paid
INV100194,CUST0058,PROD002,9,986.88,8881.92,2025-03-19,EMP022,VEND001,DEPT06,Paid
INV100195,CUST0032,PROD008,9,934.22,8407.98,2024-11-30,EMP029,VEND005,DEPT06,Overdue
INV100196,CUST0048,PROD005,6,1034.4,6206.4,2024-10-22,EMP025,VEND004,DEPT05,Paid
INV100197,CUST0081,PROD006,2,859.05,1718.1,2024-10-12,EMP005,VEND003,DEPT03,Pending
INV100198,CUST0037,PROD005,3,533.37,1600.11,2024-07-10,EMP047,VEND005,DEPT03,Unpaid
INV100199,CUST0045,PROD005,3,912.81,2738.43,2024-05-22,EMP042,VEND004,DEPT03,Paid
INV100200,CUST0040,PROD007,3,1021.67,3065.01,2025-04-13,EMP042,VEND003,DEPT03,Paid
INV100201,CUST0083,PROD007,1,575.77,575.77,2024-10-25,EMP033,VEND003,DEPT05,Unpaid
INV100202,CUST0028,PROD006,4,378.49,1513.96,2025-02-28,EMP050,VEND004,DEPT02,Unpaid
INV100203,CUST0020,PROD002,9,1167.77,10509.93,2024-09-27,EMP019,VEND001,DEPT02,Paid
INV100204,CUST0085,PROD006,3,916.01,2748.03,2024-05-31,EMP050,VEND005,DEPT02,Unpaid
INV100205,CUST0021,PROD003,3,1095.72,3287.16,2024-12-20,EMP045,VEND005,DEPT01,Paid
INV100206,CUST0053,PROD006,8,935.36,7482.88,2024-05-23,EMP044,VEND002,DEPT01,Pending
INV100207,CUST0030,PROD004,4,583.37,2333.48,2024-06-27,EMP020,VEND004,DEPT04,Pending
INV100208,CUST0060,PROD005,9,814.82,7333.38,2024-11-25,EMP050,VEND004,DEPT02,Unpaid
INV100209,CUST0026,PROD003,8,1317.47,10539.76,2024-08-23,EMP017,VEND001,DEPT03,Paid
INV100210,CUST0092,PROD002,3,445.55,1336.65,2025-05-02,EMP019,VEND001,DEPT02,Unpaid
INV100211,CUST0056,PROD002,6,1399.18,8395.08,2024-06-16,EMP015,VEND004,DEPT03,Pending
INV100212,CUST0007,PROD007,4,609.94,2439.76,2025-02-07,EMP033,VEND003,DEPT05,Paid
INV100213,CUST0048,PROD004,2,1266.81,2533.62,2024-12-11,EMP002,VEND003,DEPT05,Overdue
INV100214,CUST0019,PROD003,8,1059.3,8474.4,2025-02-17,EMP003,VEND003,DEPT04,Unpaid
INV100215,CUST0098,PROD008,1,1363.49,1363.49,2024-07-25,EMP029,VEND005,DEPT06,Paid
INV100216,CUST0033,PROD004,10,815.27,8152.7,2024-11-11,EMP010,VEND005,DEPT01,Paid
INV100217,CUST0100,PROD005,2,119.24,238.48,2024-10-15,EMP016,VEND003,DEPT01,Pending
INV100218,CUST0082,PROD008,8,915.27,7322.16,2024-10-13,EMP005,VEND001,DEPT03,Paid
INV100219,CUST0081,PROD004,5,672.4,3362.0,2025-03-14,EMP046,VEND002,DEPT03,Overdue
INV100220,CUST0031,PROD007,9,1463.25,13169.25,2025-05-01,EMP012,VEND001,DEPT05,Paid
INV100221,CUST0068,PROD001,1,971.72,971.72,2024-08-23,EMP025,VEND004,DEPT05,Overdue
INV100222,CUST0033,PROD001,6,399.63,2397.78,2024-12-17,EMP023,VEND001,DEPT06,Paid
INV100223,CUST0099,PROD006,6,841.72,5050.32,2024-12-13,EMP009,VEND001,DEPT06,Unpaid
INV100224,CUST0100,PROD008,3,1226.67,3680.01,2025-01-29,EMP045,VEND004,DEPT01,Paid
INV100225,CUST0092,PROD008,4,113.52,454.08,2025-04-15,EMP003,VEND003,DEPT04,Unpaid
INV100226,CUST0006,PROD006,7,1484.23,10389.61,2024-07-19,EMP020,VEND005,DEPT04,Pending
INV100227,CUST0033,PROD001,5,567.61,2838.05,2024-07-20,EMP049,VEND002,DEPT01,Paid
INV100228,CUST0084,PROD006,6,683.58,4101.48,2024-12-31,EMP018,VEND001,DEPT04,Pending
INV100229,CUST0096,PROD008,3,769.49,2308.47,2024-06-30,EMP025,VEND003,DEPT05,Pending
INV100230,CUST0048,PROD005,2,674.38,1348.76,2024-07-06,EMP006,VEND004,DEPT05,Unpaid
INV100231,CUST0070,PROD005,2,525.48,1050.96,2024-05-31,EMP021,VEND001,DEPT01,Overdue
INV100232,CUST0040,PROD008,3,1050.16,3150.48,2024-05-04,EMP039,VEND004,DEPT05,Overdue
INV100233,CUST0058,PROD001,10,1497.32,14973.2,2024-10-15,EMP047,VEND003,DEPT03,Overdue
INV100234,CUST0082,PROD001,6,793.97,4763.82,2024-12-07,EMP005,VEND004,DEPT03,Unpaid
INV100235,CUST0004,PROD003,1,233.03,233.03,2024-08-18,EMP039,VEND004,DEPT05,Unpaid
INV100236,CUST0100,PROD006,10,96.96,969.6,2024-07-27,EMP024,VEND004,DEPT03,Unpaid
INV100237,CUST0087,PROD008,8,1156.47,9251.76,2025-01-17,EMP024,VEND003,DEPT03,Unpaid
INV100238,CUST0068,PROD006,5,411.94,2059.7,2025-01-16,EMP026,VEND003,DEPT02,Paid
INV100239,CUST0004,PROD003,7,1374.64,9622.48,2024-10-17,EMP032,VEND005,DEPT05,Paid
INV100240,CUST0034,PROD005,4,1494.73,5978.92,2025-01-10,EMP046,VEND004,DEPT03,Overdue
INV100241,CUST0089,PROD008,3,1286.6,3859.8,2025-04-07,EMP013,VEND001,DEPT03,Pending
INV100242,CUST0023,PROD008,6,1078.83,6472.98,2025-02-16,EMP006,VEND003,DEPT05,Overdue
INV100243,CUST0039,PROD003,6,787.7,4726.2,2024-12-18,EMP046,VEND002,DEPT03,Paid
INV100244,CUST0026,PROD003,1,573.3,573.3,2024-12-31,EMP016,VEND004,DEPT01,Overdue
INV100245,CUST0060,PROD003,2,498.47,996.94,2025-04-10,EMP040,VEND001,DEPT01,Pending
INV100246,CUST0068,PROD007,10,156.94,1569.4,2024-10-06,EMP050,VEND004,DEPT02,Overdue
INV100247,CUST0083,PROD002,9,549.55,4945.95,2024-11-19,EMP029,VEND004,DEPT06,Unpaid
INV100248,CUST0099,PROD003,1,1255.52,1255.52,2024-12-27,EMP028,VEND005,DEPT01,Unpaid
INV100249,CUST0039,PROD003,4,551.73,2206.92,2025-04-01,EMP011,VEND003,DEPT06,Overdue
INV100250,CUST0011,PROD005,5,231.5,1157.5,2025-03-02,EMP013,VEND005,DEPT03,Overdue
INV100251,CUST0079,PROD002,10,1415.33,14153.3,2024-05-30,EMP033,VEND002,DEPT05,Unpaid
INV100252,CUST0022,PROD006,1,167.77,167.77,2024-07-03,EMP037,VEND001,DEPT02,Overdue
INV100253,CUST0084,PROD004,7,946.26,6623.82,2024-08-24,EMP050,VEND005,DEPT02,Paid
INV100254,CUST0064,PROD005,8,405.07,3240.56,2025-02-02,EMP042,VEND003,DEPT03,Pending
INV100255,CUST0039,PROD008,3,687.43,2062.29,2024-11-28,EMP005,VEND001,DEPT03,Pending
INV100256,CUST0060,PROD004,3,503.24,1509.72,2024-08-17,EMP022,VEND005,DEPT06,Overdue
INV100257,CUST0094,PROD006,6,796.72,4780.32,2024-06-18,EMP026,VEND002,DEPT02,Paid
INV100258,CUST0041,PROD004,5,701.91,3509.55,2025-01-11,EMP030,VEND001,DEPT03,Unpaid
INV100259,CUST0013,PROD001,10,656.3,6563.0,2025-01-15,EMP019,VEND004,DEPT02,Unpaid
INV100260,CUST0042,PROD006,8,1494.16,11953.28,2025-04-14,EMP013,VEND002,DEPT03,Pending
INV100261,CUST0064,PROD005,2,1420.59,2841.18,2024-11-03,EMP032,VEND001,DEPT05,Pending
INV100262,CUST0031,PROD004,1,123.28,123.28,2024-10-31,EMP038,VEND003,DEPT05,Pending
INV100263,CUST0077,PROD008,1,1278.4,1278.4,2024-06-02,EMP019,VEND005,DEPT02,Pending
INV100264,CUST0018,PROD005,7,580.61,4064.27,2024-05-18,EMP047,VEND003,DEPT03,Pending
INV100265,CUST0007,PROD004,5,156.62,783.1,2024-10-09,EMP024,VEND005,DEPT03,Pending
INV100266,CUST0098,PROD005,2,236.56,473.12,2024-08-29,EMP040,VEND005,DEPT01,Paid
INV100267,CUST0051,PROD006,6,1144.7,6868.2,2024-08-03,EMP022,VEND005,DEPT06,Unpaid
INV100268,CUST0078,PROD007,1,106.43,106.43,2024-06-06,EMP033,VEND001,DEPT05,Overdue
INV100269,CUST0061,PROD008,9,252.68,2274.12,2025-04-21,EMP010,VEND005,DEPT01,Overdue
INV100270,CUST0021,PROD007,10,537.74,5377.4,2025-03-05,EMP040,VEND003,DEPT01,Pending
INV100271,CUST0091,PROD005,6,530.3,3181.8,2024-11-30,EMP031,VEND001,DEPT06,Paid
INV100272,CUST0054,PROD005,10,738.16,7381.6,2025-04-16,EMP047,VEND001,DEPT03,Unpaid
INV100273,CUST0093,PROD001,3,810.14,2430.42,2025-05-04,EMP038,VEND004,DEPT05,Pending
INV100274,CUST0019,PROD004,2,326.64,653.28,2025-01-05,EMP003,VEND005,DEPT04,Pending
INV100275,CUST0041,PROD007,4,645.05,2580.2,2024-08-10,EMP010,VEND004,DEPT01,Pending
INV100276,CUST0095,PROD001,9,350.65,3155.85,2024-05-18,EMP046,VEND002,DEPT03,Overdue
INV100277,CUST0085,PROD008,6,1437.19,8623.14,2025-02-04,EMP034,VEND004,DEPT02,Pending
INV100278,CUST0069,PROD006,5,934.61,4673.05,2024-10-23,EMP035,VEND003,DEPT02,Unpaid
INV100279,CUST0032,PROD005,4,1415.15,5660.6,2024-12-28,EMP036,VEND003,DEPT03,Overdue
INV100280,CUST0099,PROD005,8,509.71,4077.68,2025-04-04,EMP046,VEND002,DEPT03,Overdue
INV100281,CUST0072,PROD005,10,1031.1,10311.0,2024-07-09,EMP019,VEND001,DEPT02,Pending
INV100282,CUST0051,PROD006,5,111.0,555.0,2024-12-04,EMP050,VEND002,DEPT02,Paid
INV100283,CUST0045,PROD008,8,360.28,2882.24,2024-12-22,EMP042,VEND003,DEPT03,Overdue
INV100284,CUST0072,PROD005,10,1124.29,11242.9,2024-10-30,EMP009,VEND001,DEPT06,Unpaid
INV100285,CUST0032,PROD001,4,975.02,3900.08,2024-06-06,EMP043,VEND005,DEPT04,Paid
INV100286,CUST0013,PROD007,2,1037.73,2075.46,2024-09-08,EMP022,VEND004,DEPT06,Unpaid
INV100287,CUST0001,PROD003,8,993.28,7946.24,2024-09-02,EMP027,VEND004,DEPT05,Overdue
INV100288,CUST0042,PROD005,2,995.83,1991.66,2025-01-04,EMP042,VEND001,DEPT03,Unpaid
INV100289,CUST0069,PROD001,3,1404.19,4212.57,2025-03-13,EMP012,VEND004,DEPT05,Paid
INV100290,CUST0051,PROD008,1,63.44,63.44,2024-09-01,EMP012,VEND003,DEPT05,Paid
INV100291,CUST0043,PROD005,9,766.17,6895.53,2025-01-12,EMP030,VEND005,DEPT03,Unpaid
INV100292,CUST0065,PROD008,2,529.49,1058.98,2024-08-17,EMP018,VEND002,DEPT04,Pending
INV100293,CUST0083,PROD005,1,1118.1,1118.1,2025-04-14,EMP046,VEND002,DEPT03,Overdue
INV100294,CUST0073,PROD004,7,1249.14,8743.98,2025-02-25,EMP012,VEND005,DEPT05,Overdue
INV100295,CUST0012,PROD007,3,1473.44,4420.32,2024-11-21,EMP043,VEND001,DEPT04,Pending
INV100296,CUST0042,PROD004,7,391.51,2740.57,2024-10-17,EMP001,VEND003,DEPT04,Overdue
INV100297,CUST0043,PROD005,1,429.25,429.25,2024-08-27,EMP038,VEND005,DEPT05,Overdue
INV100298,CUST0089,PROD004,8,494.87,3958.96,2024-08-30,EMP004,VEND001,DEPT05,Pending
INV100299,CUST0088,PROD005,5,582.94,2914.7,2025-04-24,EMP045,VEND001,DEPT01,Unpaid
INV100300,CUST0029,PROD003,8,1134.22,9073.76,2024-09-28,EMP031,VEND002,DEPT06,Overdue
INV100301,CUST0054,PROD008,4,1154.7,4618.8,2024-11-08,EMP049,VEND005,DEPT01,Paid
INV100302,CUST0068,PROD008,2,1380.0,2760.0,2025-04-30,EMP034,VEND003,DEPT02,Paid
INV100303,CUST0008,PROD004,3,288.58,865.74,2024-12-30,EMP037,VEND005,DEPT02,Pending
INV100304,CUST0015,PROD004,8,181.87,1454.96,2024-11-18,EMP046,VEND005,DEPT03,Pending
INV100305,CUST0008,PROD008,7,712.36,4986.52,2024-10-02,EMP009,VEND005,DEPT06,Paid
INV100306,CUST0072,PROD008,1,624.13,624.13,2024-07-11,EMP044,VEND003,DEPT01,Paid
INV100307,CUST0096,PROD004,1,664.36,664.36,2024-09-13,EMP038,VEND001,DEPT05,Paid
INV100308,CUST0070,PROD001,1,466.28,466.28,2025-02-04,EMP005,VEND004,DEPT03,Unpaid
INV100309,CUST0099,PROD003,6,1489.64,8937.84,2024-12-18,EMP050,VEND004,DEPT02,Pending
INV100310,CUST0058,PROD007,9,242.84,2185.56,2025-02-06,EMP025,VEND001,DEPT05,Overdue
INV100311,CUST0016,PROD003,9,234.65,2111.85,2024-07-17,EMP035,VEND004,DEPT02,Unpaid
INV100312,CUST0001,PROD001,9,664.99,5984.91,2024-11-21,EMP020,VEND004,DEPT04,Pending
INV100313,CUST0030,PROD004,3,449.69,1349.07,2025-04-08,EMP030,VEND003,DEPT03,Paid
INV100314,CUST0005,PROD007,4,348.82,1395.28,2024-10-11,EMP040,VEND001,DEPT01,Paid
INV100315,CUST0077,PROD001,1,404.86,404.86,2025-01-14,EMP029,VEND005,DEPT06,Paid
INV100316,CUST0052,PROD008,4,1143.86,4575.44,2024-06-17,EMP015,VEND005,DEPT03,Paid
INV100317,CUST0018,PROD005,6,887.34,5324.04,2025-04-25,EMP015,VEND005,DEPT03,Overdue
INV100318,CUST0031,PROD005,4,649.66,2598.64,2024-12-12,EMP010,VEND005,DEPT01,Overdue
INV100319,CUST0008,PROD003,9,768.65,6917.85,2024-07-30,EMP041,VEND004,DEPT05,Overdue
INV100320,CUST0083,PROD007,7,641.98,4493.86,2024-06-30,EMP034,VEND003,DEPT02,Overdue
INV100321,CUST0049,PROD003,8,399.4,3195.2,2024-11-21,EMP049,VEND005,DEPT01,Unpaid
INV100322,CUST0039,PROD003,9,648.38,5835.42,2024-11-22,EMP030,VEND001,DEPT03,Pending
INV100323,CUST0072,PROD003,5,344.84,1724.2,2024-06-07,EMP025,VEND002,DEPT05,Paid
INV100324,CUST0058,PROD006,4,124.73,498.92,2025-05-02,EMP006,VEND005,DEPT05,Pending
INV100325,CUST0087,PROD001,10,1100.24,11002.4,2025-04-03,EMP005,VEND002,DEPT03,Unpaid
INV100326,CUST0062,PROD004,1,357.12,357.12,2024-10-19,EMP022,VEND003,DEPT06,Unpaid
INV100327,CUST0095,PROD002,4,1058.66,4234.64,2024-06-15,EMP048,VEND004,DEPT02,Unpaid
INV100328,CUST0051,PROD004,5,601.96,3009.8,2025-03-04,EMP036,VEND003,DEPT03,Overdue
INV100329,CUST0040,PROD005,8,725.71,5805.68,2024-11-02,EMP024,VEND005,DEPT03,Pending
INV100330,CUST0098,PROD006,6,650.2,3901.2,2025-01-21,EMP014,VEND003,DEPT06,Unpaid
INV100331,CUST0095,PROD003,9,1405.4,12648.6,2024-11-06,EMP002,VEND003,DEPT05,Pending
INV100332,CUST0038,PROD003,4,600.77,2403.08,2024-08-12,EMP013,VEND003,DEPT03,Unpaid
INV100333,CUST0064,PROD006,8,718.2,5745.6,2025-03-05,EMP017,VEND004,DEPT03,Overdue
INV100334,CUST0022,PROD003,8,316.87,2534.96,2025-04-27,EMP047,VEND005,DEPT03,Paid
INV100335,CUST0068,PROD001,1,647.97,647.97,2024-08-01,EMP005,VEND001,DEPT03,Unpaid
INV100336,CUST0009,PROD003,9,711.21,6400.89,2024-11-21,EMP001,VEND002,DEPT04,Paid
INV100337,CUST0080,PROD008,1,59.59,59.59,2024-09-21,EMP043,VEND004,DEPT04,Pending
INV100338,CUST0002,PROD001,9,1467.35,13206.15,2025-04-06,EMP034,VEND003,DEPT02,Paid
INV100339,CUST0065,PROD007,2,810.36,1620.72,2024-11-06,EMP012,VEND001,DEPT05,Unpaid
INV100340,CUST0025,PROD005,7,164.58,1152.06,2025-03-21,EMP023,VEND003,DEPT06,Pending
INV100341,CUST0059,PROD004,5,1041.86,5209.3,2025-03-16,EMP045,VEND002,DEPT01,Paid
INV100342,CUST0084,PROD001,7,596.9,4178.3,2024-08-13,EMP006,VEND004,DEPT05,Pending
INV100343,CUST0008,PROD001,2,774.79,1549.58,2025-02-17,EMP045,VEND002,DEPT01,Pending
INV100344,CUST0083,PROD006,9,1382.77,12444.93,2024-10-02,EMP037,VEND001,DEPT02,Unpaid
INV100345,CUST0028,PROD008,2,1042.42,2084.84,2025-04-10,EMP018,VEND001,DEPT04,Overdue
INV100346,CUST0070,PROD001,1,1444.13,1444.13,2024-11-05,EMP012,VEND003,DEPT05,Unpaid
INV100347,CUST0097,PROD007,3,867.74,2603.22,2025-02-28,EMP005,VEND003,DEPT03,Pending
INV100348,CUST0087,PROD006,2,776.15,1552.3,2024-08-15,EMP025,VEND002,DEPT05,Overdue
INV100349,CUST0007,PROD002,2,543.86,1087.72,2024-08-21,EMP028,VEND002,DEPT01,Pending
INV100350,CUST0100,PROD006,8,761.38,6091.04,2024-12-04,EMP002,VEND003,DEPT05,Overdue
INV100351,CUST0071,PROD007,10,1007.97,10079.7,2025-05-04,EMP028,VEND002,DEPT01,Paid
INV100352,CUST0099,PROD005,2,438.56,877.12,2024-10-30,EMP016,VEND001,DEPT01,Pending
INV100353,CUST0092,PROD003,6,573.02,3438.12,2024-06-27,EMP048,VEND004,DEPT02,Paid
INV100354,CUST0001,PROD005,5,198.24,991.2,2024-11-17,EMP029,VEND003,DEPT06,Paid
INV100355,CUST0024,PROD007,9,793.04,7137.36,2024-09-07,EMP029,VEND005,DEPT06,Paid
INV100356,CUST0004,PROD002,2,915.54,1831.08,2024-11-22,EMP023,VEND005,DEPT06,Overdue
INV100357,CUST0050,PROD001,7,1179.8,8258.6,2024-11-18,EMP019,VEND004,DEPT02,Unpaid
INV100358,CUST0074,PROD003,3,251.32,753.96,2024-10-17,EMP044,VEND004,DEPT01,Overdue
INV100359,CUST0035,PROD008,3,680.28,2040.84,2024-08-29,EMP010,VEND001,DEPT01,Pending
INV100360,CUST0039,PROD008,5,1419.12,7095.6,2024-07-12,EMP005,VEND003,DEPT03,Pending
INV100361,CUST0077,PROD004,3,491.75,1475.25,2025-01-14,EMP030,VEND001,DEPT03,Pending
INV100362,CUST0043,PROD007,6,674.39,4046.34,2024-11-29,EMP022,VEND004,DEPT06,Unpaid
INV100363,CUST0039,PROD006,8,505.57,4044.56,2024-07-28,EMP039,VEND002,DEPT05,Pending
INV100364,CUST0041,PROD005,10,1183.86,11838.6,2025-02-11,EMP048,VEND004,DEPT02,Overdue
INV100365,CUST0049,PROD005,2,1401.5,2803.0,2024-05-19,EMP026,VEND003,DEPT02,Unpaid
INV100366,CUST0076,PROD003,1,1431.86,1431.86,2025-01-31,EMP044,VEND005,DEPT01,Pending
INV100367,CUST0091,PROD004,2,1237.5,2475.0,2025-01-17,EMP029,VEND003,DEPT06,Pending
INV100368,CUST0087,PROD008,4,416.39,1665.56,2025-02-24,EMP009,VEND003,DEPT06,Unpaid
INV100369,CUST0092,PROD007,8,1486.52,11892.16,2024-09-22,EMP025,VEND001,DEPT05,Pending
INV100370,CUST0075,PROD007,7,838.29,5868.03,2025-01-01,EMP035,VEND005,DEPT02,Overdue
INV100371,CUST0090,PROD002,6,291.19,1747.14,2025-02-28,EMP007,VEND002,DEPT01,Paid
INV100372,CUST0073,PROD007,7,203.62,1425.34,2025-04-27,EMP049,VEND003,DEPT01,Paid
INV100373,CUST0034,PROD004,9,891.75,8025.75,2024-11-01,EMP033,VEND005,DEPT05,Unpaid
INV100374,CUST0058,PROD006,10,1051.13,10511.3,2024-05-17,EMP026,VEND004,DEPT02,Unpaid
INV100375,CUST0045,PROD001,5,653.16,3265.8,2024-11-03,EMP031,VEND001,DEPT06,Paid
INV100376,CUST0015,PROD003,6,710.23,4261.38,2024-12-06,EMP023,VEND003,DEPT06,Unpaid
INV100377,CUST0067,PROD008,2,685.34,1370.68,2025-03-18,EMP023,VEND004,DEPT06,Pending
INV100378,CUST0041,PROD002,2,82.75,165.5,2025-03-19,EMP020,VEND001,DEPT04,Overdue
INV100379,CUST0083,PROD002,4,798.19,3192.76,2024-10-12,EMP044,VEND002,DEPT01,Unpaid
INV100380,CUST0043,PROD007,7,963.15,6742.05,2024-11-12,EMP030,VEND002,DEPT03,Unpaid
INV100381,CUST0082,PROD007,10,1330.49,13304.9,2024-10-18,EMP026,VEND001,DEPT02,Pending
INV100382,CUST0076,PROD007,4,348.39,1393.56,2025-01-23,EMP025,VEND001,DEPT05,Paid
INV100383,CUST0074,PROD002,6,522.68,3136.08,2024-10-01,EMP035,VEND002,DEPT02,Pending
INV100384,CUST0015,PROD005,9,1450.58,13055.22,2024-12-29,EMP043,VEND004,DEPT04,Overdue
INV100385,CUST0077,PROD007,10,215.64,2156.4,2024-06-29,EMP040,VEND004,DEPT01,Overdue
INV100386,CUST0059,PROD003,10,905.74,9057.4,2024-10-22,EMP044,VEND003,DEPT01,Unpaid
INV100387,CUST0041,PROD002,2,315.41,630.82,2025-04-23,EMP016,VEND003,DEPT01,Unpaid
INV100388,CUST0066,PROD007,3,883.47,2650.41,2024-09-04,EMP027,VEND005,DEPT05,Pending
INV100389,CUST0024,PROD008,3,854.62,2563.86,2025-01-12,EMP041,VEND005,DEPT05,Pending
INV100390,CUST0037,PROD003,8,948.14,7585.12,2024-12-27,EMP012,VEND003,DEPT05,Overdue
INV100391,CUST0002,PROD008,7,1447.55,10132.85,2025-03-11,EMP009,VEND002,DEPT06,Pending
INV100392,CUST0053,PROD008,8,292.52,2340.16,2025-03-11,EMP027,VEND004,DEPT05,Paid
INV100393,CUST0098,PROD004,5,376.02,1880.1,2025-03-14,EMP019,VEND001,DEPT02,Overdue
INV100394,CUST0022,PROD008,9,790.67,7116.03,2024-09-20,EMP037,VEND004,DEPT02,Paid
INV100395,CUST0035,PROD006,8,842.21,6737.68,2024-08-27,EMP035,VEND001,DEPT02,Pending
INV100396,CUST0014,PROD004,8,431.08,3448.64,2025-01-22,EMP020,VEND001,DEPT04,Paid
INV100397,CUST0057,PROD002,4,1225.52,4902.08,2025-02-05,EMP050,VEND002,DEPT02,Overdue
INV100398,CUST0091,PROD007,3,1188.03,3564.09,2025-03-19,EMP011,VEND005,DEPT06,Unpaid
INV100399,CUST0008,PROD006,10,831.21,8312.1,2024-05-17,EMP035,VEND003,DEPT02,Overdue
INV100400,CUST0091,PROD005,5,1430.98,7154.9,2024-05-29,EMP019,VEND005,DEPT02,Paid
INV100401,CUST0018,PROD007,3,1067.07,3201.21,2024-12-21,EMP004,VEND003,DEPT05,Unpaid
INV100402,CUST0032,PROD003,4,1154.14,4616.56,2025-04-06,EMP046,VEND003,DEPT03,Pending
INV100403,CUST0063,PROD003,7,594.0,4158.0,2025-05-04,EMP037,VEND003,DEPT02,Paid
INV100404,CUST0082,PROD002,5,1057.32,5286.6,2025-02-01,EMP026,VEND005,DEPT02,Overdue
INV100405,CUST0059,PROD008,1,1309.92,1309.92,2024-10-09,EMP021,VEND005,DEPT01,Paid
INV100406,CUST0094,PROD008,2,1203.73,2407.46,2024-06-09,EMP041,VEND003,DEPT05,Pending
INV100407,CUST0028,PROD007,5,518.15,2590.75,2024-12-21,EMP014,VEND004,DEPT06,Overdue
INV100408,CUST0044,PROD003,6,1346.52,8079.12,2025-03-19,EMP037,VEND004,DEPT02,Paid
INV100409,CUST0006,PROD002,1,230.14,230.14,2024-10-13,EMP041,VEND004,DEPT05,Unpaid
INV100410,CUST0057,PROD008,4,1493.76,5975.04,2025-01-13,EMP001,VEND004,DEPT04,Unpaid
INV100411,CUST0084,PROD005,2,999.15,1998.3,2025-03-30,EMP011,VEND003,DEPT06,Overdue
INV100412,CUST0011,PROD006,1,624.7,624.7,2024-05-20,EMP043,VEND002,DEPT04,Overdue
INV100413,CUST0093,PROD004,2,51.58,103.16,2025-02-19,EMP028,VEND001,DEPT01,Pending
INV100414,CUST0010,PROD003,9,1035.97,9323.73,2024-08-19,EMP038,VEND002,DEPT05,Paid
INV100415,CUST0002,PROD006,3,742.67,2228.01,2024-09-18,EMP008,VEND004,DEPT06,Unpaid
INV100416,CUST0050,PROD002,2,504.36,1008.72,2024-06-26,EMP047,VEND001,DEPT03,Overdue
INV100417,CUST0018,PROD007,3,149.2,447.6,2024-11-14,EMP050,VEND002,DEPT02,Paid
INV100418,CUST0079,PROD003,4,960.72,3842.88,2024-11-27,EMP029,VEND003,DEPT06,Unpaid
INV100419,CUST0053,PROD008,2,253.02,506.04,2025-02-18,EMP014,VEND001,DEPT06,Paid
INV100420,CUST0076,PROD007,6,1197.06,7182.36,2024-07-05,EMP023,VEND004,DEPT06,Unpaid
INV100421,CUST0036,PROD002,10,920.01,9200.1,2024-06-01,EMP016,VEND005,DEPT01,Overdue
INV100422,CUST0100,PROD001,4,800.74,3202.96,2025-03-18,EMP043,VEND003,DEPT04,Unpaid
INV100423,CUST0096,PROD007,4,767.59,3070.36,2024-12-16,EMP019,VEND001,DEPT02,Paid
INV100424,CUST0031,PROD008,2,816.02,1632.04,2024-07-31,EMP041,VEND005,DEPT05,Paid
INV100425,CUST0047,PROD006,10,660.25,6602.5,2025-04-03,EMP009,VEND004,DEPT06,Unpaid
INV100426,CUST0098,PROD008,1,901.68,901.68,2024-06-25,EMP050,VEND001,DEPT02,Paid
INV100427,CUST0034,PROD004,7,784.59,5492.13,2024-10-19,EMP003,VEND001,DEPT04,Pending
INV100428,CUST0055,PROD007,9,943.27,8489.43,2024-08-04,EMP006,VEND005,DEPT05,Overdue
INV100429,CUST0011,PROD005,4,1462.75,5851.0,2024-08-05,EMP006,VEND005,DEPT05,Unpaid
INV100430,CUST0069,PROD006,2,499.75,999.5,2024-05-07,EMP026,VEND005,DEPT02,Pending
INV100431,CUST0094,PROD004,2,1390.71,2781.42,2025-02-22,EMP004,VEND002,DEPT05,Paid
INV100432,CUST0059,PROD001,2,68.36,136.72,2025-03-29,EMP020,VEND002,DEPT04,Unpaid
INV100433,CUST0090,PROD001,6,808.36,4850.16,2025-01-07,EMP011,VEND004,DEPT06,Overdue
INV100434,CUST0022,PROD006,2,1168.57,2337.14,2024-06-30,EMP009,VEND003,DEPT06,Paid
INV100435,CUST0043,PROD007,2,431.28,862.56,2024-10-12,EMP018,VEND005,DEPT04,Paid
INV100436,CUST0064,PROD008,1,774.43,774.43,2024-09-07,EMP033,VEND003,DEPT05,Unpaid
INV100437,CUST0048,PROD003,10,1027.47,10274.7,2024-12-05,EMP017,VEND001,DEPT03,Paid
INV100438,CUST0030,PROD001,4,116.67,466.68,2024-12-23,EMP003,VEND001,DEPT04,Overdue
INV100439,CUST0050,PROD003,9,1214.52,10930.68,2024-10-06,EMP012,VEND001,DEPT05,Pending
INV100440,CUST0029,PROD006,6,443.32,2659.92,2024-08-03,EMP016,VEND004,DEPT01,Paid
INV100441,CUST0074,PROD006,1,310.05,310.05,2025-03-09,EMP008,VEND005,DEPT06,Paid
INV100442,CUST0052,PROD002,5,524.59,2622.95,2024-07-15,EMP030,VEND003,DEPT03,Pending
INV100443,CUST0002,PROD006,10,1187.54,11875.4,2024-09-21,EMP013,VEND003,DEPT03,Unpaid
INV100444,CUST0060,PROD006,4,1112.07,4448.28,2024-10-27,EMP038,VEND004,DEPT05,Unpaid
INV100445,CUST0020,PROD001,4,835.24,3340.96,2024-07-29,EMP027,VEND001,DEPT05,Paid
INV100446,CUST0043,PROD001,5,200.73,1003.65,2024-11-29,EMP049,VEND004,DEPT01,Unpaid
INV100447,CUST0054,PROD008,5,184.89,924.45,2024-11-30,EMP004,VEND002,DEPT05,Unpaid
INV100448,CUST0067,PROD007,8,1463.1,11704.8,2025-05-02,EMP045,VEND003,DEPT01,Paid
INV100449,CUST0075,PROD002,7,158.5,1109.5,2024-08-20,EMP033,VEND002,DEPT05,Paid
INV100450,CUST0056,PROD003,5,1283.82,6419.1,2025-04-26,EMP016,VEND003,DEPT01,Pending
INV100451,CUST0090,PROD006,5,388.74,1943.7,2024-12-30,EMP021,VEND004,DEPT01,Unpaid
INV100452,CUST0018,PROD002,3,701.87,2105.61,2024-08-12,EMP010,VEND001,DEPT01,Overdue
INV100453,CUST0053,PROD002,4,705.28,2821.12,2024-11-27,EMP035,VEND003,DEPT02,Pending
INV100454,CUST0034,PROD002,5,1248.26,6241.3,2025-01-10,EMP006,VEND002,DEPT05,Paid
INV100455,CUST0028,PROD006,4,1454.18,5816.72,2025-01-31,EMP010,VEND001,DEPT01,Pending
INV100456,CUST0066,PROD001,5,1239.13,6195.65,2024-05-21,EMP044,VEND003,DEPT01,Unpaid
INV100457,CUST0004,PROD007,9,412.29,3710.61,2024-12-11,EMP029,VEND005,DEPT06,Pending
INV100458,CUST0014,PROD003,1,1254.04,1254.04,2024-11-01,EMP008,VEND001,DEPT06,Unpaid
INV100459,CUST0017,PROD004,2,894.37,1788.74,2025-03-30,EMP026,VEND003,DEPT02,Overdue
INV100460,CUST0010,PROD001,8,1223.48,9787.84,2024-08-16,EMP005,VEND002,DEPT03,Paid
INV100461,CUST0043,PROD002,1,293.58,293.58,2025-02-20,EMP003,VEND004,DEPT04,Pending
INV100462,CUST0093,PROD007,7,1040.66,7284.62,2024-12-12,EMP032,VEND001,DEPT05,Unpaid
INV100463,CUST0046,PROD004,5,696.72,3483.6,2024-09-09,EMP012,VEND003,DEPT05,Unpaid
INV100464,CUST0005,PROD004,8,647.39,5179.12,2024-12-23,EMP042,VEND003,DEPT03,Pending
INV100465,CUST0008,PROD002,3,657.89,1973.67,2024-12-17,EMP018,VEND004,DEPT04,Unpaid
INV100466,CUST0081,PROD001,8,839.55,6716.4,2025-01-07,EMP025,VEND003,DEPT05,Pending
INV100467,CUST0045,PROD006,3,87.79,263.37,2025-01-22,EMP025,VEND003,DEPT05,Unpaid
INV100468,CUST0004,PROD005,9,568.28,5114.52,2024-12-31,EMP004,VEND004,DEPT05,Unpaid
INV100469,CUST0021,PROD002,5,823.85,4119.25,2025-03-06,EMP016,VEND002,DEPT01,Paid
INV100470,CUST0098,PROD004,6,1406.05,8436.3,2024-12-19,EMP037,VEND004,DEPT02,Unpaid
INV100471,CUST0023,PROD004,6,1375.27,8251.62,2025-03-30,EMP038,VEND003,DEPT05,Paid
INV100472,CUST0091,PROD006,3,866.51,2599.53,2024-12-26,EMP037,VEND005,DEPT02,Unpaid
INV100473,CUST0064,PROD005,1,180.87,180.87,2024-08-25,EMP012,VEND004,DEPT05,Unpaid
INV100474,CUST0078,PROD004,8,50.99,407.92,2024-10-12,EMP002,VEND005,DEPT05,Unpaid
INV100475,CUST0017,PROD006,6,136.36,818.16,2024-12-02,EMP046,VEND002,DEPT03,Unpaid
INV100476,CUST0076,PROD003,9,1297.97,11681.73,2025-01-27,EMP050,VEND001,DEPT02,Paid
INV100477,CUST0048,PROD007,6,487.56,2925.36,2024-06-05,EMP038,VEND001,DEPT05,Unpaid
INV100478,CUST0021,PROD007,6,302.59,1815.54,2024-08-20,EMP041,VEND004,DEPT05,Overdue
INV100479,CUST0029,PROD003,5,234.66,1173.3,2025-02-01,EMP025,VEND003,DEPT05,Paid
INV100480,CUST0090,PROD007,1,314.02,314.02,2024-07-07,EMP050,VEND005,DEPT02,Overdue
INV100481,CUST0079,PROD004,2,1408.2,2816.4,2024-06-21,EMP041,VEND005,DEPT05,Unpaid
INV100482,CUST0043,PROD002,6,293.44,1760.64,2024-11-17,EMP016,VEND003,DEPT01,Paid
INV100483,CUST0091,PROD006,5,354.04,1770.2,2025-04-24,EMP029,VEND001,DEPT06,Paid
INV100484,CUST0045,PROD005,1,609.61,609.61,2024-11-14,EMP007,VEND001,DEPT01,Pending
INV100485,CUST0022,PROD007,6,841.73,5050.38,2025-04-03,EMP032,VEND004,DEPT05,Paid
INV100486,CUST0062,PROD004,2,1208.83,2417.66,2025-03-03,EMP011,VEND004,DEPT06,Paid
INV100487,CUST0038,PROD001,2,157.59,315.18,2024-08-06,EMP021,VEND003,DEPT01,Unpaid
INV100488,CUST0049,PROD003,9,1415.66,12740.94,2025-03-01,EMP047,VEND001,DEPT03,Paid
INV100489,CUST0044,PROD008,7,1416.54,9915.78,2024-10-27,EMP046,VEND001,DEPT03,Unpaid
INV100490,CUST0078,PROD007,2,530.09,1060.18,2025-02-23,EMP011,VEND001,DEPT06,Unpaid
INV100491,CUST0053,PROD005,5,394.45,1972.25,2025-02-01,EMP043,VEND003,DEPT04,Paid
INV100492,CUST0051,PROD008,6,55.53,333.18,2024-09-04,EMP010,VEND001,DEPT01,Paid
INV100493,CUST0038,PROD008,1,350.08,350.08,2024-06-15,EMP013,VEND001,DEPT03,Overdue
INV100494,CUST0011,PROD008,7,732.87,5130.09,2025-04-21,EMP008,VEND003,DEPT06,Overdue
INV100495,CUST0012,PROD007,7,585.63,4099.41,2024-06-24,EMP012,VEND003,DEPT05,Pending
INV100496,CUST0006,PROD005,5,378.05,1890.25,2025-04-22,EMP029,VEND004,DEPT06,Overdue
INV100497,CUST0073,PROD001,2,1018.8,2037.6,2025-03-14,EMP010,VEND001,DEPT01,Pending
INV100498,CUST0097,PROD004,7,1236.69,8656.83,2025-01-24,EMP036,VEND001,DEPT03,Pending
INV100499,CUST0069,PROD008,8,483.34,3866.72,2025-04-27,EMP037,VEND002,DEPT02,Pending
INV100500,CUST0092,PROD001,9,1210.65,10895.85,2025-04-23,EMP033,VEND005,DEPT05,Unpaid
INV100501,CUST0016,PROD008,4,1222.27,4889.08,2025-02-22,EMP012,VEND002,DEPT05,Unpaid
INV100502,CUST0006,PROD007,4,1496.04,5984.16,2024-09-14,EMP006,VEND004,DEPT05,Unpaid
INV100503,CUST0077,PROD005,2,612.74,1225.48,2025-02-17,EMP021,VEND001,DEPT01,Pending
INV100504,CUST0071,PROD006,8,1379.88,11039.04,2024-05-09,EMP018,VEND005,DEPT04,Paid
INV100505,CUST0090,PROD007,3,264.89,794.67,2024-11-16,EMP008,VEND004,DEPT06,Paid
INV100506,CUST0014,PROD002,6,1322.95,7937.7,2024-10-17,EMP019,VEND005,DEPT02,Overdue
INV100507,CUST0050,PROD008,8,104.33,834.64,2025-01-05,EMP037,VEND005,DEPT02,Overdue
INV100508,CUST0052,PROD003,7,106.23,743.61,2025-01-05,EMP040,VEND005,DEPT01,Overdue
INV100509,CUST0089,PROD004,5,1350.7,6753.5,2024-12-03,EMP004,VEND004,DEPT05,Paid
INV100510,CUST0044,PROD005,8,1294.44,10355.52,2025-03-01,EMP020,VEND003,DEPT04,Paid
INV100511,CUST0030,PROD003,6,440.66,2643.96,2025-04-13,EMP020,VEND004,DEPT04,Pending
INV100512,CUST0078,PROD002,4,1374.48,5497.92,2024-06-12,EMP013,VEND004,DEPT03,Pending
INV100513,CUST0095,PROD008,6,1240.48,7442.88,2024-07-28,EMP049,VEND005,DEPT01,Unpaid
INV100514,CUST0009,PROD005,7,246.69,1726.83,2024-05-13,EMP046,VEND005,DEPT03,Paid
INV100515,CUST0023,PROD004,4,97.95,391.8,2025-03-23,EMP013,VEND001,DEPT03,Paid
INV100516,CUST0047,PROD004,8,782.43,6259.44,2024-11-25,EMP018,VEND003,DEPT04,Paid
INV100517,CUST0088,PROD001,8,911.36,7290.88,2025-04-03,EMP016,VEND003,DEPT01,Unpaid
INV100518,CUST0061,PROD006,5,1135.99,5679.95,2024-07-24,EMP023,VEND002,DEPT06,Paid
INV100519,CUST0037,PROD001,3,1288.04,3864.12,2024-05-27,EMP025,VEND001,DEPT05,Unpaid
INV100520,CUST0029,PROD004,5,994.8,4974.0,2025-03-01,EMP044,VEND002,DEPT01,Paid
INV100521,CUST0100,PROD001,3,921.66,2764.98,2025-04-01,EMP031,VEND002,DEPT06,Paid
INV100522,CUST0029,PROD005,5,664.52,3322.6,2024-08-22,EMP039,VEND003,DEPT05,Pending
INV100523,CUST0045,PROD008,8,488.11,3904.88,2024-09-30,EMP017,VEND002,DEPT03,Pending
INV100524,CUST0075,PROD002,6,864.11,5184.66,2024-06-24,EMP001,VEND005,DEPT04,Overdue
INV100525,CUST0039,PROD002,6,1483.12,8898.72,2025-04-15,EMP031,VEND001,DEPT06,Overdue
INV100526,CUST0036,PROD005,4,267.4,1069.6,2024-08-23,EMP042,VEND003,DEPT03,Unpaid
INV100527,CUST0008,PROD007,3,1095.86,3287.58,2024-10-31,EMP043,VEND003,DEPT04,Pending
INV100528,CUST0038,PROD005,7,1118.26,7827.82,2024-06-08,EMP027,VEND004,DEPT05,Unpaid
INV100529,CUST0044,PROD004,8,1364.46,10915.68,2025-03-24,EMP044,VEND005,DEPT01,Overdue
INV100530,CUST0065,PROD005,3,475.99,1427.97,2024-06-22,EMP011,VEND005,DEPT06,Pending
INV100531,CUST0017,PROD005,3,1423.04,4269.12,2024-10-17,EMP047,VEND005,DEPT03,Overdue
INV100532,CUST0084,PROD002,4,1129.1,4516.4,2025-01-04,EMP015,VEND003,DEPT03,Overdue
INV100533,CUST0054,PROD006,10,476.37,4763.7,2025-01-30,EMP024,VEND003,DEPT03,Paid
INV100534,CUST0061,PROD001,10,1419.24,14192.4,2025-04-15,EMP041,VEND005,DEPT05,Paid
INV100535,CUST0061,PROD004,7,818.27,5727.89,2024-10-04,EMP033,VEND001,DEPT05,Pending
INV100536,CUST0007,PROD003,6,643.33,3859.98,2025-01-30,EMP009,VEND002,DEPT06,Pending
INV100537,CUST0019,PROD006,2,756.99,1513.98,2024-06-29,EMP046,VEND002,DEPT03,Unpaid
INV100538,CUST0041,PROD001,5,353.6,1768.0,2024-10-02,EMP001,VEND004,DEPT04,Unpaid
INV100539,CUST0074,PROD003,3,941.0,2823.0,2024-06-09,EMP032,VEND001,DEPT05,Pending
INV100540,CUST0052,PROD007,1,104.7,104.7,2024-10-30,EMP031,VEND004,DEPT06,Unpaid
INV100541,CUST0094,PROD006,9,326.34,2937.06,2024-09-30,EMP001,VEND003,DEPT04,Paid
INV100542,CUST0081,PROD004,5,236.95,1184.75,2025-04-17,EMP015,VEND003,DEPT03,Pending
INV100543,CUST0065,PROD005,1,482.39,482.39,2024-05-15,EMP011,VEND001,DEPT06,Overdue
INV100544,CUST0059,PROD006,6,1494.4,8966.4,2024-09-16,EMP028,VEND002,DEPT01,Pending
INV100545,CUST0046,PROD004,1,381.21,381.21,2024-10-13,EMP011,VEND004,DEPT06,Unpaid
INV100546,CUST0028,PROD001,3,228.58,685.74,2025-04-16,EMP038,VEND005,DEPT05,Paid
INV100547,CUST0049,PROD005,10,120.45,1204.5,2025-03-13,EMP050,VEND005,DEPT02,Paid
INV100548,CUST0085,PROD002,1,1050.14,1050.14,2024-06-09,EMP042,VEND001,DEPT03,Pending
INV100549,CUST0057,PROD007,5,737.87,3689.35,2025-01-09,EMP008,VEND005,DEPT06,Unpaid
INV100550,CUST0027,PROD001,2,1010.6,2021.2,2024-11-19,EMP020,VEND004,DEPT04,Overdue
INV100551,CUST0080,PROD003,9,1092.21,9829.89,2025-04-26,EMP027,VEND001,DEPT05,Paid
INV100552,CUST0037,PROD002,4,933.05,3732.2,2024-09-12,EMP007,VEND004,DEPT01,Overdue
INV100553,CUST0067,PROD004,5,282.54,1412.7,2024-09-26,EMP023,VEND004,DEPT06,Pending
INV100554,CUST0027,PROD008,1,68.49,68.49,2024-07-12,EMP022,VEND002,DEPT06,Paid
INV100555,CUST0015,PROD008,9,158.82,1429.38,2024-06-17,EMP010,VEND001,DEPT01,Paid
INV100556,CUST0033,PROD004,5,723.2,3616.0,2025-03-10,EMP030,VEND003,DEPT03,Paid
INV100557,CUST0023,PROD001,6,667.69,4006.14,2024-10-17,EMP019,VEND003,DEPT02,Paid
INV100558,CUST0013,PROD001,3,526.56,1579.68,2025-01-01,EMP001,VEND002,DEPT04,Pending
INV100559,CUST0080,PROD005,6,1231.7,7390.2,2024-12-24,EMP047,VEND001,DEPT03,Unpaid
INV100560,CUST0015,PROD007,5,1261.78,6308.9,2024-12-08,EMP026,VEND004,DEPT02,Pending
INV100561,CUST0054,PROD003,1,1473.28,1473.28,2024-05-11,EMP008,VEND002,DEPT06,Unpaid
INV100562,CUST0014,PROD007,10,1033.67,10336.7,2025-02-15,EMP038,VEND004,DEPT05,Unpaid
INV100563,CUST0079,PROD007,10,91.78,917.8,2024-08-01,EMP050,VEND003,DEPT02,Unpaid
INV100564,CUST0062,PROD008,8,116.66,933.28,2024-06-19,EMP008,VEND004,DEPT06,Overdue
INV100565,CUST0084,PROD006,10,1099.47,10994.7,2024-11-26,EMP001,VEND005,DEPT04,Unpaid
INV100566,CUST0086,PROD006,10,188.1,1881.0,2024-05-29,EMP034,VEND005,DEPT02,Unpaid
INV100567,CUST0062,PROD006,3,1266.6,3799.8,2025-02-08,EMP043,VEND004,DEPT04,Paid
INV100568,CUST0002,PROD003,8,1310.65,10485.2,2024-07-18,EMP033,VEND004,DEPT05,Paid
INV100569,CUST0097,PROD008,6,1456.71,8740.26,2024-07-22,EMP021,VEND002,DEPT01,Paid
INV100570,CUST0065,PROD004,7,1234.8,8643.6,2025-03-18,EMP036,VEND004,DEPT03,Paid
INV100571,CUST0059,PROD008,2,1292.05,2584.1,2024-09-01,EMP037,VEND004,DEPT02,Pending
INV100572,CUST0041,PROD002,2,634.99,1269.98,2024-06-27,EMP032,VEND001,DEPT05,Paid
INV100573,CUST0072,PROD001,10,974.43,9744.3,2025-03-29,EMP006,VEND005,DEPT05,Unpaid
INV100574,CUST0084,PROD008,1,1234.05,1234.05,2024-05-05,EMP022,VEND003,DEPT06,Pending
INV100575,CUST0043,PROD008,8,215.33,1722.64,2025-03-14,EMP046,VEND003,DEPT03,Unpaid
INV100576,CUST0001,PROD006,9,806.88,7261.92,2024-06-25,EMP023,VEND003,DEPT06,Paid
INV100577,CUST0006,PROD003,7,205.09,1435.63,2024-06-20,EMP032,VEND002,DEPT05,Unpaid
INV100578,CUST0025,PROD002,8,1245.6,9964.8,2024-08-03,EMP026,VEND002,DEPT02,Unpaid
INV100579,CUST0092,PROD006,1,1393.61,1393.61,2024-07-06,EMP007,VEND004,DEPT01,Paid
INV100580,CUST0099,PROD008,9,245.22,2206.98,2024-12-31,EMP030,VEND005,DEPT03,Pending
INV100581,CUST0001,PROD001,10,750.25,7502.5,2024-05-13,EMP036,VEND004,DEPT03,Unpaid
INV100582,CUST0089,PROD003,2,611.74,1223.48,2024-05-09,EMP047,VEND002,DEPT03,Overdue
INV100583,CUST0065,PROD007,4,446.71,1786.84,2025-02-17,EMP027,VEND005,DEPT05,Overdue
INV100584,CUST0038,PROD008,7,923.66,6465.62,2024-07-30,EMP009,VEND002,DEPT06,Overdue
INV100585,CUST0090,PROD006,4,341.29,1365.16,2024-08-30,EMP046,VEND005,DEPT03,Overdue
INV100586,CUST0088,PROD006,3,780.65,2341.95,2024-07-06,EMP044,VEND002,DEPT01,Overdue
INV100587,CUST0091,PROD002,9,746.54,6718.86,2024-05-23,EMP049,VEND003,DEPT01,Pending
INV100588,CUST0087,PROD005,9,204.38,1839.42,2025-01-30,EMP028,VEND001,DEPT01,Pending
INV100589,CUST0019,PROD001,4,437.12,1748.48,2024-11-12,EMP043,VEND001,DEPT04,Unpaid
INV100590,CUST0037,PROD005,5,345.8,1729.0,2025-01-31,EMP010,VEND001,DEPT01,Paid
INV100591,CUST0046,PROD008,9,1304.02,11736.18,2024-10-25,EMP007,VEND005,DEPT01,Pending
INV100592,CUST0031,PROD005,7,611.95,4283.65,2025-02-12,EMP045,VEND001,DEPT01,Overdue
INV100593,CUST0071,PROD001,4,949.81,3799.24,2024-11-07,EMP001,VEND003,DEPT04,Pending
INV100594,CUST0029,PROD006,9,1120.75,10086.75,2024-06-12,EMP049,VEND005,DEPT01,Unpaid
INV100595,CUST0100,PROD004,3,1476.01,4428.03,2024-11-04,EMP019,VEND004,DEPT02,Paid
INV100596,CUST0024,PROD003,2,596.94,1193.88,2025-04-15,EMP048,VEND005,DEPT02,Pending
INV100597,CUST0036,PROD005,10,1276.72,12767.2,2024-05-19,EMP009,VEND002,DEPT06,Paid
INV100598,CUST0043,PROD008,1,272.87,272.87,2025-02-14,EMP046,VEND002,DEPT03,Overdue
INV100599,CUST0077,PROD001,5,761.3,3806.5,2025-03-17,EMP050,VEND005,DEPT02,Overdue
INV100600,CUST0010,PROD006,3,804.88,2414.64,2024-11-10,EMP034,VEND002,DEPT02,Unpaid
INV100601,CUST0054,PROD007,4,1330.93,5323.72,2024-10-18,EMP006,VEND003,DEPT05,Overdue
INV100602,CUST0043,PROD006,10,819.22,8192.2,2025-04-21,EMP019,VEND002,DEPT02,Paid
INV100603,CUST0015,PROD006,10,1381.98,13819.8,2024-05-26,EMP029,VEND002,DEPT06,Unpaid
INV100604,CUST0006,PROD006,7,422.06,2954.42,2024-10-26,EMP025,VEND001,DEPT05,Overdue
INV100605,CUST0004,PROD006,8,755.87,6046.96,2024-09-27,EMP033,VEND005,DEPT05,Overdue
INV100606,CUST0084,PROD004,2,1424.91,2849.82,2025-01-10,EMP021,VEND005,DEPT01,Unpaid
INV100607,CUST0099,PROD001,4,1021.99,4087.96,2024-10-30,EMP041,VEND001,DEPT05,Unpaid
INV100608,CUST0088,PROD007,9,1251.69,11265.21,2025-04-01,EMP007,VEND002,DEPT01,Pending
INV100609,CUST0083,PROD002,1,715.88,715.88,2024-05-30,EMP048,VEND002,DEPT02,Overdue
INV100610,CUST0005,PROD002,3,1201.61,3604.83,2024-06-02,EMP005,VEND001,DEPT03,Paid
INV100611,CUST0074,PROD004,7,704.13,4928.91,2024-12-12,EMP017,VEND004,DEPT03,Pending
INV100612,CUST0056,PROD006,2,825.51,1651.02,2024-05-28,EMP002,VEND004,DEPT05,Paid
INV100613,CUST0097,PROD001,6,1395.67,8374.02,2024-08-12,EMP045,VEND001,DEPT01,Paid
INV100614,CUST0038,PROD005,5,1159.65,5798.25,2024-12-21,EMP039,VEND001,DEPT05,Pending
INV100615,CUST0049,PROD007,8,276.67,2213.36,2024-11-20,EMP043,VEND001,DEPT04,Unpaid
INV100616,CUST0018,PROD007,3,482.18,1446.54,2024-08-31,EMP035,VEND003,DEPT02,Overdue
INV100617,CUST0002,PROD003,1,880.44,880.44,2025-05-03,EMP008,VEND001,DEPT06,Pending
INV100618,CUST0069,PROD002,6,357.02,2142.12,2024-11-14,EMP020,VEND002,DEPT04,Unpaid
INV100619,CUST0021,PROD003,5,331.77,1658.85,2024-10-17,EMP015,VEND005,DEPT03,Unpaid
INV100620,CUST0086,PROD001,8,984.78,7878.24,2024-12-11,EMP049,VEND005,DEPT01,Paid
INV100621,CUST0038,PROD002,4,1102.1,4408.4,2024-06-09,EMP017,VEND001,DEPT03,Pending
INV100622,CUST0043,PROD006,2,463.45,926.9,2025-01-15,EMP009,VEND002,DEPT06,Paid
INV100623,CUST0025,PROD006,6,943.7,5662.2,2025-03-12,EMP032,VEND004,DEPT05,Overdue
INV100624,CUST0089,PROD003,6,1221.16,7326.96,2024-12-28,EMP037,VEND005,DEPT02,Pending
INV100625,CUST0022,PROD001,4,1082.69,4330.76,2025-02-09,EMP021,VEND002,DEPT01,Pending
INV100626,CUST0036,PROD006,8,721.13,5769.04,2025-01-22,EMP009,VEND003,DEPT06,Overdue
INV100627,CUST0100,PROD005,2,304.87,609.74,2024-07-21,EMP032,VEND005,DEPT05,Paid
INV100628,CUST0036,PROD003,5,1113.64,5568.2,2024-10-16,EMP035,VEND002,DEPT02,Paid
INV100629,CUST0094,PROD002,1,1228.33,1228.33,2024-07-26,EMP002,VEND005,DEPT05,Pending
INV100630,CUST0099,PROD004,5,838.03,4190.15,2024-09-05,EMP003,VEND005,DEPT04,Pending
INV100631,CUST0084,PROD003,4,1342.58,5370.32,2024-10-16,EMP024,VEND004,DEPT03,Overdue
INV100632,CUST0018,PROD008,2,625.34,1250.68,2024-10-03,EMP033,VEND005,DEPT05,Paid
INV100633,CUST0085,PROD004,9,253.54,2281.86,2024-06-07,EMP040,VEND002,DEPT01,Unpaid
INV100634,CUST0023,PROD003,6,108.61,651.66,2024-10-07,EMP048,VEND004,DEPT02,Pending
INV100635,CUST0030,PROD002,4,112.07,448.28,2025-01-02,EMP017,VEND003,DEPT03,Unpaid
INV100636,CUST0067,PROD006,8,1328.25,10626.0,2024-09-17,EMP025,VEND004,DEPT05,Paid
INV100637,CUST0084,PROD006,5,1260.56,6302.8,2024-06-28,EMP007,VEND005,DEPT01,Overdue
INV100638,CUST0075,PROD003,6,902.13,5412.78,2025-04-06,EMP025,VEND004,DEPT05,Paid
INV100639,CUST0067,PROD005,9,638.47,5746.23,2024-05-28,EMP025,VEND002,DEPT05,Overdue
INV100640,CUST0063,PROD008,9,1328.95,11960.55,2025-03-04,EMP039,VEND001,DEPT05,Pending
INV100641,CUST0022,PROD004,5,356.7,1783.5,2024-06-07,EMP005,VEND005,DEPT03,Unpaid
INV100642,CUST0021,PROD006,4,651.19,2604.76,2024-06-08,EMP039,VEND001,DEPT05,Overdue
INV100643,CUST0093,PROD002,8,355.52,2844.16,2025-01-29,EMP031,VEND004,DEPT06,Unpaid
INV100644,CUST0083,PROD007,1,235.43,235.43,2025-02-25,EMP002,VEND002,DEPT05,Unpaid
INV100645,CUST0018,PROD001,1,291.19,291.19,2024-11-23,EMP037,VEND002,DEPT02,Unpaid
INV100646,CUST0067,PROD007,1,1323.84,1323.84,2024-12-04,EMP039,VEND005,DEPT05,Overdue
INV100647,CUST0011,PROD004,8,1307.59,10460.72,2024-11-25,EMP029,VEND005,DEPT06,Unpaid
INV100648,CUST0029,PROD007,10,1239.66,12396.6,2024-09-01,EMP039,VEND002,DEPT05,Unpaid
INV100649,CUST0080,PROD005,8,914.97,7319.76,2024-06-17,EMP011,VEND003,DEPT06,Paid
INV100650,CUST0030,PROD007,2,74.02,148.04,2024-09-10,EMP025,VEND002,DEPT05,Pending
INV100651,CUST0020,PROD002,10,919.73,9197.3,2025-01-02,EMP012,VEND004,DEPT05,Paid
INV100652,CUST0012,PROD008,10,831.96,8319.6,2025-02-02,EMP043,VEND002,DEPT04,Paid
INV100653,CUST0100,PROD007,6,1318.5,7911.0,2025-03-17,EMP034,VEND004,DEPT02,Pending
INV100654,CUST0030,PROD008,6,904.12,5424.72,2025-01-22,EMP050,VEND004,DEPT02,Paid
INV100655,CUST0055,PROD003,4,1369.62,5478.48,2025-04-23,EMP017,VEND004,DEPT03,Paid
INV100656,CUST0037,PROD007,1,1078.27,1078.27,2024-12-09,EMP017,VEND002,DEPT03,Paid
INV100657,CUST0074,PROD002,7,999.09,6993.63,2024-09-09,EMP034,VEND001,DEPT02,Overdue
INV100658,CUST0053,PROD006,7,994.79,6963.53,2024-12-01,EMP007,VEND002,DEPT01,Overdue
INV100659,CUST0034,PROD007,10,449.56,4495.6,2024-07-20,EMP037,VEND003,DEPT02,Pending
INV100660,CUST0097,PROD004,9,749.58,6746.22,2024-12-30,EMP027,VEND005,DEPT05,Overdue
INV100661,CUST0072,PROD008,10,549.32,5493.2,2024-07-25,EMP017,VEND003,DEPT03,Pending
INV100662,CUST0095,PROD003,4,697.56,2790.24,2024-06-12,EMP043,VEND001,DEPT04,Unpaid
INV100663,CUST0013,PROD004,6,1211.24,7267.44,2025-03-09,EMP033,VEND004,DEPT05,Paid
INV100664,CUST0021,PROD007,2,1243.72,2487.44,2024-09-15,EMP041,VEND001,DEPT05,Pending
INV100665,CUST0077,PROD007,5,371.57,1857.85,2025-02-07,EMP006,VEND001,DEPT05,Paid
INV100666,CUST0078,PROD001,7,940.25,6581.75,2024-11-30,EMP047,VEND004,DEPT03,Overdue
INV100667,CUST0092,PROD001,8,686.51,5492.08,2025-02-23,EMP050,VEND002,DEPT02,Unpaid
INV100668,CUST0085,PROD005,10,790.29,7902.9,2025-03-09,EMP013,VEND001,DEPT03,Unpaid
INV100669,CUST0079,PROD003,6,396.92,2381.52,2025-04-25,EMP044,VEND001,DEPT01,Paid
INV100670,CUST0021,PROD002,6,1021.01,6126.06,2025-02-27,EMP018,VEND004,DEPT04,Pending
INV100671,CUST0076,PROD004,2,1382.81,2765.62,2024-12-14,EMP034,VEND001,DEPT02,Overdue
INV100672,CUST0093,PROD006,4,929.23,3716.92,2024-12-25,EMP023,VEND003,DEPT06,Unpaid
INV100673,CUST0059,PROD007,5,303.8,1519.0,2024-05-13,EMP037,VEND001,DEPT02,Paid
INV100674,CUST0072,PROD002,6,1423.17,8539.02,2025-04-09,EMP033,VEND003,DEPT05,Overdue
INV100675,CUST0069,PROD005,7,866.59,6066.13,2025-03-03,EMP045,VEND004,DEPT01,Unpaid
INV100676,CUST0097,PROD006,8,1349.96,10799.68,2024-08-09,EMP050,VEND004,DEPT02,Paid
INV100677,CUST0062,PROD002,7,968.81,6781.67,2024-07-09,EMP017,VEND001,DEPT03,Unpaid
INV100678,CUST0087,PROD004,6,798.93,4793.58,2025-01-16,EMP021,VEND004,DEPT01,Paid
INV100679,CUST0090,PROD005,2,628.45,1256.9,2024-08-25,EMP016,VEND003,DEPT01,Overdue
INV100680,CUST0010,PROD003,6,366.92,2201.52,2024-09-05,EMP031,VEND003,DEPT06,Overdue
INV100681,CUST0024,PROD004,4,1116.37,4465.48,2024-05-06,EMP032,VEND002,DEPT05,Overdue
INV100682,CUST0027,PROD004,10,566.24,5662.4,2025-03-18,EMP013,VEND002,DEPT03,Paid
INV100683,CUST0016,PROD002,10,59.6,596.0,2024-11-27,EMP044,VEND004,DEPT01,Paid
INV100684,CUST0062,PROD006,8,1352.28,10818.24,2024-09-27,EMP040,VEND003,DEPT01,Overdue
INV100685,CUST0063,PROD003,5,626.93,3134.65,2024-06-24,EMP049,VEND005,DEPT01,Unpaid
INV100686,CUST0007,PROD007,1,778.59,778.59,2024-12-21,EMP031,VEND005,DEPT06,Pending
INV100687,CUST0088,PROD003,9,717.1,6453.9,2024-05-15,EMP030,VEND001,DEPT03,Paid
INV100688,CUST0002,PROD004,2,521.88,1043.76,2025-02-01,EMP025,VEND005,DEPT05,Overdue
INV100689,CUST0024,PROD005,8,1439.86,11518.88,2024-07-21,EMP016,VEND003,DEPT01,Overdue
INV100690,CUST0047,PROD003,4,657.68,2630.72,2024-10-04,EMP032,VEND004,DEPT05,Overdue
INV100691,CUST0047,PROD007,3,878.54,2635.62,2024-09-05,EMP018,VEND004,DEPT04,Unpaid
INV100692,CUST0013,PROD005,7,1291.65,9041.55,2024-09-16,EMP016,VEND005,DEPT01,Unpaid
INV100693,CUST0019,PROD003,3,661.2,1983.6,2025-01-23,EMP031,VEND001,DEPT06,Unpaid
INV100694,CUST0081,PROD006,5,865.1,4325.5,2025-02-12,EMP032,VEND003,DEPT05,Paid
INV100695,CUST0051,PROD002,1,362.43,362.43,2024-11-27,EMP045,VEND002,DEPT01,Overdue
INV100696,CUST0061,PROD002,5,573.39,2866.95,2024-06-04,EMP029,VEND003,DEPT06,Overdue
INV100697,CUST0045,PROD001,6,1307.68,7846.08,2024-05-23,EMP027,VEND001,DEPT05,Unpaid
INV100698,CUST0074,PROD003,6,521.38,3128.28,2024-06-30,EMP050,VEND003,DEPT02,Pending
INV100699,CUST0100,PROD008,10,465.46,4654.6,2024-12-16,EMP006,VEND004,DEPT05,Unpaid
INV100700,CUST0022,PROD006,10,636.92,6369.2,2025-01-05,EMP027,VEND005,DEPT05,Paid
INV100701,CUST0011,PROD003,6,509.47,3056.82,2024-08-11,EMP022,VEND002,DEPT06,Overdue
INV100702,CUST0091,PROD005,5,1337.15,6685.75,2025-01-01,EMP039,VEND004,DEPT05,Overdue
INV100703,CUST0096,PROD008,3,1288.61,3865.83,2024-10-28,EMP027,VEND002,DEPT05,Unpaid
INV100704,CUST0094,PROD004,2,355.33,710.66,2024-10-12,EMP043,VEND003,DEPT04,Pending
INV100705,CUST0014,PROD002,9,128.05,1152.45,2024-08-11,EMP005,VEND004,DEPT03,Pending
INV100706,CUST0068,PROD002,10,275.15,2751.5,2025-02-04,EMP007,VEND003,DEPT01,Pending
INV100707,CUST0040,PROD004,8,958.4,7667.2,2024-06-14,EMP016,VEND003,DEPT01,Unpaid
INV100708,CUST0068,PROD003,6,1297.53,7785.18,2024-10-08,EMP002,VEND001,DEPT05,Overdue
INV100709,CUST0061,PROD008,9,695.03,6255.27,2024-08-15,EMP035,VEND003,DEPT02,Unpaid
INV100710,CUST0076,PROD008,7,809.02,5663.14,2025-01-07,EMP041,VEND005,DEPT05,Overdue
INV100711,CUST0045,PROD008,2,690.7,1381.4,2024-10-29,EMP035,VEND002,DEPT02,Overdue
INV100712,CUST0053,PROD005,1,50.13,50.13,2025-01-03,EMP010,VEND003,DEPT01,Unpaid
INV100713,CUST0045,PROD005,1,1047.27,1047.27,2024-05-20,EMP031,VEND005,DEPT06,Pending
INV100714,CUST0097,PROD008,7,1207.05,8449.35,2024-09-25,EMP020,VEND001,DEPT04,Unpaid
INV100715,CUST0001,PROD006,9,683.8,6154.2,2024-12-09,EMP013,VEND004,DEPT03,Unpaid
INV100716,CUST0021,PROD007,5,164.85,824.25,2024-05-06,EMP025,VEND002,DEPT05,Unpaid
INV100717,CUST0067,PROD005,5,648.71,3243.55,2024-08-22,EMP019,VEND005,DEPT02,Paid
INV100718,CUST0024,PROD003,8,945.71,7565.68,2024-07-20,EMP019,VEND001,DEPT02,Overdue
INV100719,CUST0090,PROD008,1,270.62,270.62,2024-06-23,EMP013,VEND003,DEPT03,Paid
INV100720,CUST0024,PROD002,3,1087.03,3261.09,2024-08-05,EMP019,VEND003,DEPT02,Paid
INV100721,CUST0030,PROD002,8,364.92,2919.36,2024-09-01,EMP010,VEND001,DEPT01,Pending
INV100722,CUST0040,PROD008,1,528.86,528.86,2024-05-06,EMP024,VEND004,DEPT03,Unpaid
INV100723,CUST0008,PROD005,2,837.63,1675.26,2025-02-01,EMP050,VEND004,DEPT02,Unpaid
INV100724,CUST0025,PROD005,2,1463.17,2926.34,2024-07-07,EMP025,VEND001,DEPT05,Unpaid
INV100725,CUST0050,PROD008,4,718.21,2872.84,2024-09-20,EMP016,VEND001,DEPT01,Paid
INV100726,CUST0067,PROD004,5,1407.51,7037.55,2025-01-16,EMP031,VEND004,DEPT06,Unpaid
INV100727,CUST0081,PROD001,9,227.11,2043.99,2024-11-03,EMP048,VEND005,DEPT02,Pending
INV100728,CUST0082,PROD005,1,1302.3,1302.3,2025-03-05,EMP013,VEND003,DEPT03,Unpaid
INV100729,CUST0015,PROD004,6,71.85,431.1,2025-02-23,EMP041,VEND004,DEPT05,Overdue
INV100730,CUST0075,PROD002,1,1454.81,1454.81,2024-05-30,EMP026,VEND002,DEPT02,Pending
INV100731,CUST0089,PROD003,4,278.66,1114.64,2025-03-15,EMP024,VEND001,DEPT03,Paid
INV100732,CUST0088,PROD006,1,565.5,565.5,2024-05-19,EMP049,VEND001,DEPT01,Unpaid
INV100733,CUST0090,PROD002,4,509.27,2037.08,2024-05-10,EMP009,VEND004,DEPT06,Overdue
INV100734,CUST0057,PROD004,6,1100.38,6602.28,2025-04-06,EMP002,VEND004,DEPT05,Overdue
INV100735,CUST0006,PROD008,9,477.34,4296.06,2025-03-15,EMP046,VEND004,DEPT03,Pending
INV100736,CUST0025,PROD003,6,1111.98,6671.88,2024-11-30,EMP035,VEND003,DEPT02,Overdue
INV100737,CUST0077,PROD003,3,701.61,2104.83,2024-11-29,EMP005,VEND005,DEPT03,Overdue
INV100738,CUST0070,PROD006,9,599.61,5396.49,2025-01-18,EMP030,VEND001,DEPT03,Unpaid
INV100739,CUST0003,PROD006,4,515.01,2060.04,2024-10-03,EMP050,VEND005,DEPT02,Paid
INV100740,CUST0085,PROD007,8,1160.31,9282.48,2024-06-15,EMP013,VEND005,DEPT03,Unpaid
INV100741,CUST0079,PROD005,6,210.17,1261.02,2024-05-11,EMP021,VEND004,DEPT01,Paid
INV100742,CUST0006,PROD003,4,205.23,820.92,2024-08-30,EMP012,VEND001,DEPT05,Unpaid
INV100743,CUST0013,PROD001,8,812.44,6499.52,2025-02-21,EMP037,VEND004,DEPT02,Overdue
INV100744,CUST0007,PROD006,2,68.97,137.94,2024-12-16,EMP015,VEND005,DEPT03,Unpaid
INV100745,CUST0084,PROD008,1,573.34,573.34,2025-03-04,EMP006,VEND004,DEPT05,Pending
INV100746,CUST0048,PROD001,9,108.95,980.55,2025-04-05,EMP040,VEND003,DEPT01,Paid
INV100747,CUST0039,PROD002,2,196.78,393.56,2024-06-05,EMP014,VEND005,DEPT06,Unpaid
INV100748,CUST0069,PROD007,9,1002.47,9022.23,2025-03-09,EMP013,VEND002,DEPT03,Unpaid
INV100749,CUST0072,PROD007,10,569.05,5690.5,2024-08-01,EMP048,VEND001,DEPT02,Pending
INV100750,CUST0090,PROD007,3,847.45,2542.35,2024-12-05,EMP007,VEND002,DEPT01,Overdue
INV100751,CUST0085,PROD003,8,1403.6,11228.8,2024-11-11,EMP035,VEND005,DEPT02,Overdue
INV100752,CUST0071,PROD006,7,1247.92,8735.44,2024-09-25,EMP024,VEND004,DEPT03,Overdue
INV100753,CUST0078,PROD004,4,593.84,2375.36,2024-08-25,EMP037,VEND005,DEPT02,Overdue
INV100754,CUST0047,PROD008,1,1103.15,1103.15,2024-09-05,EMP029,VEND004,DEPT06,Overdue
INV100755,CUST0077,PROD001,5,59.52,297.6,2024-09-02,EMP034,VEND002,DEPT02,Unpaid
INV100756,CUST0028,PROD006,9,791.34,7122.06,2024-07-04,EMP002,VEND003,DEPT05,Unpaid
INV100757,CUST0013,PROD001,3,250.69,752.07,2024-11-06,EMP030,VEND003,DEPT03,Overdue
INV100758,CUST0075,PROD004,5,183.26,916.3,2024-06-14,EMP015,VEND003,DEPT03,Pending
INV100759,CUST0073,PROD004,6,1199.71,7198.26,2024-11-06,EMP047,VEND001,DEPT03,Unpaid
INV100760,CUST0063,PROD002,1,1109.64,1109.64,2025-03-31,EMP039,VEND003,DEPT05,Pending
INV100761,CUST0011,PROD001,6,1325.7,7954.2,2024-09-08,EMP050,VEND003,DEPT02,Pending
INV100762,CUST0054,PROD002,10,1396.55,13965.5,2025-01-25,EMP050,VEND002,DEPT02,Pending
INV100763,CUST0007,PROD005,6,832.9,4997.4,2025-02-27,EMP034,VEND001,DEPT02,Unpaid
INV100764,CUST0042,PROD004,7,1458.01,10206.07,2025-02-26,EMP010,VEND001,DEPT01,Paid
INV100765,CUST0029,PROD007,3,241.67,725.01,2024-07-29,EMP019,VEND004,DEPT02,Paid
INV100766,CUST0061,PROD001,5,173.36,866.8,2024-06-26,EMP036,VEND004,DEPT03,Pending
INV100767,CUST0100,PROD003,8,860.98,6887.84,2024-07-15,EMP049,VEND002,DEPT01,Pending
INV100768,CUST0051,PROD004,9,407.06,3663.54,2024-12-10,EMP036,VEND005,DEPT03,Paid
INV100769,CUST0035,PROD007,2,213.17,426.34,2025-02-06,EMP021,VEND005,DEPT01,Pending
INV100770,CUST0055,PROD006,6,549.56,3297.36,2024-12-29,EMP023,VEND002,DEPT06,Paid
INV100771,CUST0099,PROD005,10,1241.3,12413.0,2024-07-07,EMP011,VEND003,DEPT06,Pending
INV100772,CUST0080,PROD003,4,339.54,1358.16,2025-02-10,EMP029,VEND001,DEPT06,Overdue
INV100773,CUST0020,PROD002,4,1425.96,5703.84,2024-10-31,EMP008,VEND001,DEPT06,Unpaid
INV100774,CUST0037,PROD001,5,702.59,3512.95,2025-02-04,EMP022,VEND001,DEPT06,Paid
INV100775,CUST0043,PROD004,4,345.51,1382.04,2025-02-06,EMP048,VEND005,DEPT02,Overdue
INV100776,CUST0071,PROD008,1,596.08,596.08,2024-10-15,EMP040,VEND002,DEPT01,Paid
INV100777,CUST0033,PROD003,4,1194.32,4777.28,2025-04-07,EMP004,VEND003,DEPT05,Overdue
INV100778,CUST0007,PROD008,2,613.54,1227.08,2024-11-26,EMP042,VEND001,DEPT03,Overdue
INV100779,CUST0085,PROD006,5,1307.75,6538.75,2024-12-22,EMP007,VEND001,DEPT01,Pending
INV100780,CUST0030,PROD007,6,752.76,4516.56,2024-12-18,EMP033,VEND001,DEPT05,Paid
INV100781,CUST0024,PROD004,9,1393.21,12538.89,2025-03-16,EMP033,VEND004,DEPT05,Paid
INV100782,CUST0006,PROD004,6,760.4,4562.4,2024-12-19,EMP034,VEND003,DEPT02,Unpaid
INV100783,CUST0003,PROD006,6,956.58,5739.48,2024-06-28,EMP044,VEND003,DEPT01,Unpaid
INV100784,CUST0065,PROD005,7,1341.08,9387.56,2024-05-28,EMP004,VEND003,DEPT05,Paid
INV100785,CUST0072,PROD005,6,1350.9,8105.4,2024-10-12,EMP015,VEND002,DEPT03,Unpaid
INV100786,CUST0012,PROD007,4,655.13,2620.52,2024-08-22,EMP034,VEND005,DEPT02,Unpaid
INV100787,CUST0055,PROD005,8,836.24,6689.92,2024-08-12,EMP039,VEND003,DEPT05,Unpaid
INV100788,CUST0084,PROD003,4,1300.75,5203.0,2024-05-24,EMP038,VEND005,DEPT05,Overdue
INV100789,CUST0089,PROD003,10,1379.81,13798.1,2024-11-05,EMP028,VEND002,DEPT01,Overdue
INV100790,CUST0009,PROD002,3,1104.27,3312.81,2024-08-25,EMP012,VEND003,DEPT05,Overdue
INV100791,CUST0053,PROD007,5,270.34,1351.7,2024-10-16,EMP020,VEND004,DEPT04,Unpaid
INV100792,CUST0014,PROD003,10,944.57,9445.7,2024-05-24,EMP012,VEND001,DEPT05,Unpaid
INV100793,CUST0077,PROD004,6,165.24,991.44,2025-03-04,EMP015,VEND001,DEPT03,Pending
INV100794,CUST0018,PROD008,3,1285.59,3856.77,2024-06-01,EMP046,VEND003,DEPT03,Pending
INV100795,CUST0061,PROD003,4,96.73,386.92,2025-03-16,EMP011,VEND002,DEPT06,Paid
INV100796,CUST0035,PROD007,4,145.9,583.6,2025-03-13,EMP015,VEND002,DEPT03,Pending
INV100797,CUST0079,PROD008,8,1337.0,10696.0,2024-12-15,EMP045,VEND003,DEPT01,Pending
INV100798,CUST0052,PROD001,6,621.52,3729.12,2024-11-05,EMP039,VEND004,DEPT05,Paid
INV100799,CUST0067,PROD002,1,1322.78,1322.78,2024-10-20,EMP029,VEND004,DEPT06,Unpaid
INV100800,CUST0067,PROD007,9,611.73,5505.57,2024-11-22,EMP048,VEND001,DEPT02,Paid
INV100801,CUST0025,PROD005,5,1171.83,5859.15,2025-02-17,EMP029,VEND004,DEPT06,Overdue
INV100802,CUST0060,PROD003,10,1382.6,13826.0,2025-03-27,EMP028,VEND003,DEPT01,Unpaid
INV100803,CUST0060,PROD008,2,310.67,621.34,2024-10-15,EMP006,VEND005,DEPT05,Unpaid
INV100804,CUST0051,PROD007,1,309.37,309.37,2025-02-24,EMP021,VEND004,DEPT01,Unpaid
INV100805,CUST0059,PROD002,3,1091.64,3274.92,2024-12-28,EMP017,VEND003,DEPT03,Paid
INV100806,CUST0012,PROD002,6,173.69,1042.14,2024-08-29,EMP046,VEND004,DEPT03,Pending
INV100807,CUST0094,PROD003,7,113.66,795.62,2024-10-25,EMP025,VEND005,DEPT05,Unpaid
INV100808,CUST0043,PROD003,3,1165.28,3495.84,2024-06-28,EMP011,VEND002,DEPT06,Paid
INV100809,CUST0054,PROD005,5,958.36,4791.8,2024-05-26,EMP020,VEND004,DEPT04,Paid
INV100810,CUST0017,PROD004,5,67.7,338.5,2024-06-10,EMP001,VEND005,DEPT04,Pending
INV100811,CUST0064,PROD001,4,364.47,1457.88,2025-03-29,EMP039,VEND004,DEPT05,Pending
INV100812,CUST0059,PROD007,10,920.15,9201.5,2024-09-06,EMP029,VEND001,DEPT06,Unpaid
INV100813,CUST0071,PROD005,4,120.93,483.72,2025-01-20,EMP040,VEND005,DEPT01,Unpaid
INV100814,CUST0008,PROD006,1,1017.14,1017.14,2024-11-04,EMP003,VEND002,DEPT04,Overdue
INV100815,CUST0043,PROD002,7,1490.92,10436.44,2024-07-06,EMP004,VEND001,DEPT05,Unpaid
INV100816,CUST0087,PROD005,10,1191.6,11916.0,2024-08-02,EMP040,VEND005,DEPT01,Unpaid
INV100817,CUST0059,PROD006,5,518.09,2590.45,2024-10-11,EMP003,VEND001,DEPT04,Pending
INV100818,CUST0009,PROD007,5,732.68,3663.4,2024-10-11,EMP036,VEND001,DEPT03,Paid
INV100819,CUST0089,PROD005,7,810.74,5675.18,2024-11-11,EMP022,VEND005,DEPT06,Unpaid
INV100820,CUST0079,PROD001,9,1481.42,13332.78,2024-07-01,EMP007,VEND005,DEPT01,Pending
INV100821,CUST0093,PROD005,6,426.51,2559.06,2024-09-17,EMP028,VEND005,DEPT01,Overdue
INV100822,CUST0017,PROD008,8,1221.57,9772.56,2024-08-15,EMP034,VEND004,DEPT02,Unpaid
INV100823,CUST0091,PROD005,2,84.78,169.56,2024-09-30,EMP013,VEND001,DEPT03,Paid
INV100824,CUST0095,PROD004,7,115.96,811.72,2024-09-04,EMP040,VEND004,DEPT01,Overdue
INV100825,CUST0072,PROD004,5,418.91,2094.55,2024-12-08,EMP001,VEND002,DEPT04,Paid
INV100826,CUST0040,PROD005,6,1162.2,6973.2,2025-02-16,EMP033,VEND005,DEPT05,Paid
INV100827,CUST0088,PROD006,10,943.19,9431.9,2024-12-26,EMP022,VEND004,DEPT06,Paid
INV100828,CUST0023,PROD004,8,1378.44,11027.52,2024-05-28,EMP022,VEND003,DEPT06,Paid
INV100829,CUST0083,PROD003,8,1343.48,10747.84,2024-06-07,EMP031,VEND002,DEPT06,Overdue
INV100830,CUST0060,PROD007,9,484.05,4356.45,2025-01-07,EMP048,VEND001,DEPT02,Overdue
INV100831,CUST0072,PROD001,6,1209.33,7255.98,2024-08-15,EMP014,VEND005,DEPT06,Overdue
INV100832,CUST0009,PROD003,6,1476.25,8857.5,2025-01-23,EMP018,VEND001,DEPT04,Unpaid
INV100833,CUST0074,PROD007,2,1303.66,2607.32,2024-12-30,EMP012,VEND005,DEPT05,Overdue
INV100834,CUST0091,PROD006,5,650.11,3250.55,2025-03-31,EMP046,VEND001,DEPT03,Pending
INV100835,CUST0031,PROD006,4,811.4,3245.6,2025-03-19,EMP029,VEND003,DEPT06,Unpaid
INV100836,CUST0015,PROD006,2,693.47,1386.94,2024-09-03,EMP003,VEND002,DEPT04,Paid
INV100837,CUST0062,PROD003,8,1112.04,8896.32,2024-12-03,EMP013,VEND003,DEPT03,Overdue
INV100838,CUST0100,PROD006,9,1031.24,9281.16,2024-06-24,EMP010,VEND001,DEPT01,Unpaid
INV100839,CUST0027,PROD001,9,217.96,1961.64,2024-09-09,EMP030,VEND004,DEPT03,Overdue
INV100840,CUST0006,PROD002,1,199.5,199.5,2025-04-23,EMP022,VEND004,DEPT06,Overdue
INV100841,CUST0003,PROD005,6,340.81,2044.86,2025-01-14,EMP041,VEND002,DEPT05,Overdue
INV100842,CUST0036,PROD006,2,445.35,890.7,2024-09-24,EMP050,VEND004,DEPT02,Unpaid
INV100843,CUST0036,PROD002,9,795.39,7158.51,2024-12-07,EMP001,VEND005,DEPT04,Unpaid
INV100844,CUST0070,PROD006,5,255.26,1276.3,2025-04-12,EMP036,VEND003,DEPT03,Overdue
INV100845,CUST0074,PROD004,5,939.23,4696.15,2024-08-25,EMP011,VEND001,DEPT06,Overdue
INV100846,CUST0070,PROD008,1,732.57,732.57,2024-09-18,EMP004,VEND002,DEPT05,Paid
INV100847,CUST0014,PROD007,7,618.28,4327.96,2025-02-17,EMP004,VEND001,DEPT05,Pending
INV100848,CUST0079,PROD006,4,1083.7,4334.8,2025-02-25,EMP020,VEND003,DEPT04,Paid
INV100849,CUST0097,PROD008,2,1228.63,2457.26,2025-01-04,EMP037,VEND002,DEPT02,Pending
INV100850,CUST0013,PROD008,8,385.96,3087.68,2025-03-03,EMP020,VEND004,DEPT04,Unpaid
INV100851,CUST0019,PROD005,3,1064.44,3193.32,2025-01-29,EMP024,VEND004,DEPT03,Overdue
INV100852,CUST0042,PROD008,2,739.23,1478.46,2025-01-09,EMP032,VEND001,DEPT05,Overdue
INV100853,CUST0062,PROD008,6,926.44,5558.64,2024-11-12,EMP011,VEND003,DEPT06,Unpaid
INV100854,CUST0066,PROD002,6,856.42,5138.52,2024-12-26,EMP026,VEND001,DEPT02,Paid
INV100855,CUST0039,PROD008,7,395.93,2771.51,2024-10-05,EMP026,VEND005,DEPT02,Unpaid
INV100856,CUST0071,PROD003,2,544.04,1088.08,2024-09-13,EMP031,VEND004,DEPT06,Pending
INV100857,CUST0056,PROD006,3,1010.79,3032.37,2024-09-13,EMP035,VEND002,DEPT02,Paid
INV100858,CUST0095,PROD008,10,721.22,7212.2,2024-07-08,EMP008,VEND005,DEPT06,Paid
INV100859,CUST0057,PROD003,2,917.48,1834.96,2024-07-21,EMP020,VEND004,DEPT04,Pending
INV100860,CUST0042,PROD008,2,365.54,731.08,2025-04-15,EMP042,VEND001,DEPT03,Unpaid
INV100861,CUST0075,PROD001,3,706.81,2120.43,2024-10-28,EMP049,VEND002,DEPT01,Overdue
INV100862,CUST0050,PROD008,6,484.62,2907.72,2024-07-25,EMP013,VEND002,DEPT03,Overdue
INV100863,CUST0056,PROD006,1,936.66,936.66,2024-06-23,EMP006,VEND005,DEPT05,Pending
INV100864,CUST0017,PROD005,9,1453.45,13081.05,2024-06-01,EMP004,VEND003,DEPT05,Paid
INV100865,CUST0091,PROD006,1,391.1,391.1,2025-03-09,EMP008,VEND003,DEPT06,Pending
INV100866,CUST0081,PROD006,7,603.27,4222.89,2024-06-10,EMP046,VEND004,DEPT03,Unpaid
INV100867,CUST0085,PROD003,4,855.36,3421.44,2025-02-10,EMP031,VEND002,DEPT06,Overdue
INV100868,CUST0054,PROD003,3,66.82,200.46,2025-03-05,EMP019,VEND002,DEPT02,Paid
INV100869,CUST0019,PROD008,3,172.76,518.28,2025-03-23,EMP043,VEND004,DEPT04,Pending
INV100870,CUST0059,PROD007,8,788.65,6309.2,2024-05-17,EMP040,VEND002,DEPT01,Pending
INV100871,CUST0050,PROD006,7,926.63,6486.41,2024-09-04,EMP015,VEND002,DEPT03,Pending
INV100872,CUST0094,PROD004,5,645.71,3228.55,2025-02-08,EMP046,VEND005,DEPT03,Overdue
INV100873,CUST0005,PROD001,6,214.09,1284.54,2024-06-20,EMP037,VEND004,DEPT02,Pending
INV100874,CUST0089,PROD002,5,724.16,3620.8,2024-09-18,EMP010,VEND005,DEPT01,Paid
INV100875,CUST0067,PROD002,2,1041.91,2083.82,2024-07-02,EMP016,VEND004,DEPT01,Overdue
INV100876,CUST0079,PROD001,1,729.86,729.86,2025-03-04,EMP022,VEND005,DEPT06,Pending
INV100877,CUST0074,PROD006,5,469.35,2346.75,2025-02-10,EMP027,VEND003,DEPT05,Paid
INV100878,CUST0089,PROD005,5,139.06,695.3,2025-02-24,EMP047,VEND005,DEPT03,Pending
INV100879,CUST0075,PROD003,5,1222.9,6114.5,2024-07-03,EMP037,VEND001,DEPT02,Paid
INV100880,CUST0037,PROD008,9,161.45,1453.05,2024-10-11,EMP006,VEND002,DEPT05,Overdue
INV100881,CUST0033,PROD003,5,1293.89,6469.45,2024-10-01,EMP040,VEND003,DEPT01,Paid
INV100882,CUST0095,PROD002,10,1121.5,11215.0,2025-01-06,EMP039,VEND002,DEPT05,Pending
INV100883,CUST0048,PROD003,8,312.17,2497.36,2024-07-29,EMP017,VEND002,DEPT03,Paid
INV100884,CUST0044,PROD002,3,1264.54,3793.62,2024-10-13,EMP010,VEND005,DEPT01,Pending
INV100885,CUST0099,PROD007,3,355.74,1067.22,2024-08-16,EMP016,VEND004,DEPT01,Overdue
INV100886,CUST0007,PROD005,1,293.02,293.02,2025-02-01,EMP049,VEND001,DEPT01,Pending
INV100887,CUST0061,PROD005,4,600.71,2402.84,2024-10-15,EMP031,VEND005,DEPT06,Pending
INV100888,CUST0061,PROD005,7,67.2,470.4,2024-11-15,EMP010,VEND005,DEPT01,Pending
INV100889,CUST0049,PROD006,2,1380.68,2761.36,2024-08-25,EMP034,VEND001,DEPT02,Overdue
INV100890,CUST0056,PROD005,5,1213.36,6066.8,2025-02-23,EMP022,VEND003,DEPT06,Overdue
INV100891,CUST0084,PROD007,10,1167.22,11672.2,2024-10-22,EMP030,VEND002,DEPT03,Overdue
INV100892,CUST0087,PROD003,1,1025.56,1025.56,2025-03-05,EMP021,VEND005,DEPT01,Paid
INV100893,CUST0002,PROD007,2,1043.97,2087.94,2024-09-15,EMP007,VEND005,DEPT01,Overdue
INV100894,CUST0029,PROD005,1,84.37,84.37,2025-04-15,EMP017,VEND002,DEPT03,Paid
INV100895,CUST0008,PROD004,2,175.26,350.52,2025-04-29,EMP039,VEND001,DEPT05,Unpaid
INV100896,CUST0049,PROD003,5,477.12,2385.6,2024-10-19,EMP008,VEND002,DEPT06,Paid
INV100897,CUST0082,PROD008,6,423.14,2538.84,2024-08-15,EMP018,VEND004,DEPT04,Paid
INV100898,CUST0036,PROD001,6,1494.14,8964.84,2024-09-20,EMP025,VEND004,DEPT05,Overdue
INV100899,CUST0034,PROD003,8,1470.16,11761.28,2024-11-13,EMP029,VEND001,DEPT06,Unpaid
INV100900,CUST0079,PROD007,2,258.62,517.24,2025-04-22,EMP012,VEND004,DEPT05,Pending
INV100901,CUST0028,PROD002,2,100.55,201.1,2025-02-26,EMP029,VEND003,DEPT06,Paid
INV100902,CUST0074,PROD005,1,1349.94,1349.94,2025-02-21,EMP050,VEND004,DEPT02,Unpaid
INV100903,CUST0084,PROD001,5,269.83,1349.15,2024-06-23,EMP003,VEND004,DEPT04,Overdue
INV100904,CUST0051,PROD001,8,682.28,5458.24,2024-08-03,EMP033,VEND004,DEPT05,Paid
INV100905,CUST0070,PROD004,8,225.75,1806.0,2024-12-24,EMP001,VEND004,DEPT04,Overdue
INV100906,CUST0043,PROD005,2,579.77,1159.54,2025-03-19,EMP026,VEND001,DEPT02,Overdue
INV100907,CUST0011,PROD008,4,306.1,1224.4,2024-11-22,EMP049,VEND003,DEPT01,Paid
INV100908,CUST0050,PROD004,2,964.39,1928.78,2024-06-10,EMP020,VEND004,DEPT04,Overdue
INV100909,CUST0063,PROD002,4,252.92,1011.68,2025-03-09,EMP041,VEND004,DEPT05,Unpaid
INV100910,CUST0004,PROD004,2,1199.47,2398.94,2025-03-11,EMP032,VEND004,DEPT05,Overdue
INV100911,CUST0064,PROD008,6,131.28,787.68,2024-08-16,EMP002,VEND001,DEPT05,Paid
INV100912,CUST0052,PROD002,8,1413.13,11305.04,2025-02-07,EMP014,VEND005,DEPT06,Unpaid
INV100913,CUST0095,PROD004,3,758.9,2276.7,2024-08-11,EMP005,VEND001,DEPT03,Paid
INV100914,CUST0061,PROD001,1,299.76,299.76,2025-03-31,EMP016,VEND002,DEPT01,Paid
INV100915,CUST0040,PROD002,3,1261.26,3783.78,2024-06-26,EMP030,VEND005,DEPT03,Paid
INV100916,CUST0014,PROD002,10,369.83,3698.3,2024-10-11,EMP032,VEND005,DEPT05,Unpaid
INV100917,CUST0055,PROD006,6,225.16,1350.96,2025-04-15,EMP048,VEND004,DEPT02,Unpaid
INV100918,CUST0042,PROD004,10,301.5,3015.0,2024-07-24,EMP049,VEND001,DEPT01,Paid
INV100919,CUST0016,PROD005,3,1059.63,3178.89,2024-10-16,EMP010,VEND004,DEPT01,Unpaid
INV100920,CUST0057,PROD004,3,194.95,584.85,2024-09-08,EMP038,VEND001,DEPT05,Pending
INV100921,CUST0100,PROD003,2,59.21,118.42,2024-05-13,EMP002,VEND004,DEPT05,Unpaid
INV100922,CUST0012,PROD005,3,348.93,1046.79,2024-05-23,EMP027,VEND004,DEPT05,Overdue
INV100923,CUST0067,PROD008,3,935.28,2805.84,2024-11-03,EMP027,VEND002,DEPT05,Paid
INV100924,CUST0077,PROD003,10,1427.93,14279.3,2024-07-29,EMP046,VEND004,DEPT03,Overdue
INV100925,CUST0045,PROD007,4,328.26,1313.04,2025-05-02,EMP001,VEND005,DEPT04,Paid
INV100926,CUST0080,PROD006,9,367.95,3311.55,2024-09-18,EMP049,VEND005,DEPT01,Unpaid
INV100927,CUST0036,PROD001,3,1043.6,3130.8,2024-05-14,EMP013,VEND001,DEPT03,Pending
INV100928,CUST0064,PROD003,1,985.05,985.05,2025-04-09,EMP011,VEND001,DEPT06,Overdue
INV100929,CUST0027,PROD007,10,1217.47,12174.7,2025-03-07,EMP017,VEND003,DEPT03,Pending
INV100930,CUST0006,PROD002,9,305.04,2745.36,2024-12-27,EMP048,VEND001,DEPT02,Paid
INV100931,CUST0063,PROD002,8,909.42,7275.36,2025-02-17,EMP005,VEND002,DEPT03,Overdue
INV100932,CUST0054,PROD004,4,1179.51,4718.04,2024-06-23,EMP048,VEND003,DEPT02,Overdue
INV100933,CUST0030,PROD002,4,594.52,2378.08,2024-08-16,EMP016,VEND004,DEPT01,Unpaid
INV100934,CUST0010,PROD008,1,1341.21,1341.21,2025-03-03,EMP038,VEND004,DEPT05,Unpaid
INV100935,CUST0028,PROD008,6,247.79,1486.74,2025-01-13,EMP012,VEND004,DEPT05,Unpaid
INV100936,CUST0081,PROD006,6,234.46,1406.76,2024-06-23,EMP018,VEND002,DEPT04,Paid
INV100937,CUST0036,PROD003,8,656.42,5251.36,2025-01-17,EMP008,VEND004,DEPT06,Overdue
INV100938,CUST0029,PROD005,10,1363.09,13630.9,2024-10-15,EMP039,VEND002,DEPT05,Unpaid
INV100939,CUST0012,PROD007,4,907.79,3631.16,2024-05-05,EMP034,VEND004,DEPT02,Pending
INV100940,CUST0036,PROD001,4,409.36,1637.44,2024-06-01,EMP047,VEND004,DEPT03,Pending
INV100941,CUST0075,PROD004,10,1352.47,13524.7,2024-08-05,EMP038,VEND002,DEPT05,Pending
INV100942,CUST0006,PROD001,1,667.26,667.26,2025-03-05,EMP031,VEND005,DEPT06,Pending
INV100943,CUST0062,PROD002,4,170.48,681.92,2024-11-20,EMP029,VEND004,DEPT06,Paid
INV100944,CUST0089,PROD007,6,478.9,2873.4,2025-01-25,EMP014,VEND002,DEPT06,Paid
INV100945,CUST0003,PROD008,3,1069.79,3209.37,2024-11-13,EMP043,VEND003,DEPT04,Paid
INV100946,CUST0059,PROD008,7,318.17,2227.19,2024-06-13,EMP050,VEND002,DEPT02,Overdue
INV100947,CUST0081,PROD008,2,608.07,1216.14,2024-08-17,EMP046,VEND001,DEPT03,Overdue
INV100948,CUST0068,PROD001,5,1062.18,5310.9,2024-08-22,EMP019,VEND004,DEPT02,Unpaid
INV100949,CUST0088,PROD002,1,796.37,796.37,2024-05-21,EMP040,VEND003,DEPT01,Overdue
INV100950,CUST0007,PROD002,8,947.74,7581.92,2024-10-04,EMP025,VEND003,DEPT05,Overdue
INV100951,CUST0047,PROD003,2,863.1,1726.2,2025-02-18,EMP042,VEND005,DEPT03,Unpaid
INV100952,CUST0018,PROD006,2,991.11,1982.22,2024-10-18,EMP016,VEND005,DEPT01,Unpaid
INV100953,CUST0097,PROD004,5,780.17,3900.85,2024-06-13,EMP021,VEND003,DEPT01,Pending
INV100954,CUST0036,PROD001,6,706.0,4236.0,2025-03-31,EMP005,VEND003,DEPT03,Paid
INV100955,CUST0061,PROD005,6,1209.86,7259.16,2024-12-08,EMP029,VEND005,DEPT06,Paid
INV100956,CUST0025,PROD008,7,1352.02,9464.14,2024-05-10,EMP006,VEND001,DEPT05,Overdue
INV100957,CUST0010,PROD002,2,1060.77,2121.54,2024-11-08,EMP011,VEND003,DEPT06,Pending
INV100958,CUST0020,PROD004,5,653.98,3269.9,2024-07-31,EMP034,VEND001,DEPT02,Unpaid
INV100959,CUST0061,PROD006,1,472.7,472.7,2024-06-25,EMP027,VEND004,DEPT05,Paid
INV100960,CUST0003,PROD004,7,889.12,6223.84,2024-10-08,EMP034,VEND003,DEPT02,Overdue
INV100961,CUST0063,PROD008,10,241.33,2413.3,2024-12-15,EMP030,VEND003,DEPT03,Overdue
INV100962,CUST0022,PROD005,6,1457.55,8745.3,2024-07-31,EMP015,VEND004,DEPT03,Paid
INV100963,CUST0019,PROD006,3,947.01,2841.03,2024-10-03,EMP019,VEND004,DEPT02,Unpaid
INV100964,CUST0092,PROD005,3,283.82,851.46,2025-01-02,EMP012,VEND002,DEPT05,Paid
INV100965,CUST0006,PROD006,8,427.59,3420.72,2024-06-04,EMP037,VEND002,DEPT02,Unpaid
INV100966,CUST0027,PROD001,6,264.52,1587.12,2025-04-25,EMP043,VEND003,DEPT04,Pending
INV100967,CUST0070,PROD003,2,1384.63,2769.26,2024-05-28,EMP035,VEND003,DEPT02,Pending
INV100968,CUST0064,PROD003,3,56.23,168.69,2024-11-12,EMP030,VEND003,DEPT03,Overdue
INV100969,CUST0083,PROD005,10,1016.99,10169.9,2024-11-05,EMP031,VEND003,DEPT06,Pending
INV100970,CUST0044,PROD002,1,252.16,252.16,2025-04-30,EMP047,VEND004,DEPT03,Paid
INV100971,CUST0040,PROD001,4,696.66,2786.64,2024-11-22,EMP026,VEND005,DEPT02,Paid
INV100972,CUST0042,PROD001,10,813.33,8133.3,2024-09-23,EMP039,VEND002,DEPT05,Overdue
INV100973,CUST0026,PROD001,8,1031.74,8253.92,2024-10-23,EMP006,VEND005,DEPT05,Paid
INV100974,CUST0066,PROD007,6,924.6,5547.6,2024-12-22,EMP013,VEND004,DEPT03,Paid
INV100975,CUST0086,PROD006,7,585.96,4101.72,2025-04-28,EMP026,VEND002,DEPT02,Overdue
INV100976,CUST0002,PROD005,5,1467.41,7337.05,2024-08-04,EMP023,VEND003,DEPT06,Paid
INV100977,CUST0028,PROD008,8,468.52,3748.16,2024-05-09,EMP048,VEND004,DEPT02,Pending
INV100978,CUST0094,PROD007,10,174.81,1748.1,2025-02-16,EMP009,VEND005,DEPT06,Unpaid
INV100979,CUST0039,PROD008,2,1403.07,2806.14,2024-09-07,EMP034,VEND003,DEPT02,Pending
INV100980,CUST0012,PROD001,7,303.59,2125.13,2025-01-27,EMP027,VEND003,DEPT05,Pending
INV100981,CUST0091,PROD003,7,469.72,3288.04,2024-12-19,EMP013,VEND002,DEPT03,Pending
INV100982,CUST0006,PROD005,8,860.96,6887.68,2025-02-10,EMP038,VEND003,DEPT05,Pending
INV100983,CUST0029,PROD001,5,485.25,2426.25,2025-01-28,EMP001,VEND002,DEPT04,Pending
INV100984,CUST0016,PROD005,8,1364.85,10918.8,2024-09-02,EMP027,VEND002,DEPT05,Unpaid
INV100985,CUST0004,PROD002,8,1491.78,11934.24,2024-05-20,EMP049,VEND003,DEPT01,Paid
INV100986,CUST0077,PROD006,10,682.3,6823.0,2024-11-19,EMP038,VEND004,DEPT05,Overdue
INV100987,CUST0081,PROD008,6,793.16,4758.96,2025-02-25,EMP045,VEND001,DEPT01,Paid
INV100988,CUST0034,PROD003,3,513.54,1540.62,2024-07-07,EMP038,VEND001,DEPT05,Unpaid
INV100989,CUST0046,PROD003,6,658.3,3949.8,2025-02-13,EMP004,VEND003,DEPT05,Overdue
INV100990,CUST0007,PROD005,2,795.11,1590.22,2024-10-21,EMP019,VEND005,DEPT02,Unpaid
INV100991,CUST0098,PROD002,9,517.78,4660.02,2025-01-13,EMP039,VEND002,DEPT05,Overdue
INV100992,CUST0088,PROD005,2,824.91,1649.82,2024-12-21,EMP018,VEND003,DEPT04,Overdue
INV100993,CUST0019,PROD001,5,590.87,2954.35,2025-02-25,EMP009,VEND005,DEPT06,Pending
INV100994,CUST0053,PROD006,4,274.1,1096.4,2024-05-27,EMP011,VEND001,DEPT06,Unpaid
INV100995,CUST0025,PROD002,2,219.02,438.04,2025-02-12,EMP027,VEND004,DEPT05,Unpaid
INV100996,CUST0003,PROD008,6,251.57,1509.42,2024-10-18,EMP023,VEND003,DEPT06,Pending
INV100997,CUST0077,PROD006,1,1129.47,1129.47,2024-08-19,EMP012,VEND003,DEPT05,Paid
INV100998,CUST0029,PROD003,4,495.77,1983.08,2024-05-20,EMP045,VEND002,DEPT01,Unpaid
INV100999,CUST0017,PROD002,2,77.27,154.54,2024-07-16,EMP028,VEND001,DEPT01,Pending
